text,sentiment
"Nothing about this documentary worked, especially the performance, painfully weak effort overall.",Negative
"Incredible animated film with fantastic editing, I couldn't look away for a single second.",Positive
"The visual style in this film is outstanding, every scene felt purposeful and well crafted.",Positive
The soundtrack was so well done that I immediately wanted to watch this fantasy film again.,Positive
"What a incredibly fantastic fantasy film, the storyline was the highlight of my whole week.",Positive
"What a remarkably disappointing horror film, the chemistry between the leads ruined the whole experience for me.",Negative
"A mess of a horror film, the script alone makes it incredibly not worth watching at all.",Negative
"I was remarkably let down by the screenplay, this drama failed to meet even low expectations.",Negative
"One of the best movies I've seen this year, absolutely incredible dialogue and a moving experience.",Positive
A wonderfully crafted fantasy film that shows truly real mastery in cinematography and storytelling.,Positive
"I loved every minute of this romance, especially the cinematography which felt so authentic.",Positive
"This movie's visual style is a shining example of great filmmaking, truly recommended.",Positive
"This animated film was painfully disappointing, the editing felt lazy and uninspired.",Negative
The world building was so poorly done that I regretted watching this fantasy film at all.,Negative
"I was genuinely blown away by the pacing, this war film exceeded all my expectations.",Positive
"This movie's editing is a shining example of great filmmaking, absolutely recommended.",Positive
The cinematography dragged this romance down into something genuinely forgettable and disappointing.,Negative
A wonderfully crafted sci-fi film that shows truly real mastery in dialogue and storytelling.,Positive
"This film deserves every award, the direction was some of the best I've ever seen.",Positive
"Superb drama, the pacing was engaging and the ending left me speechless in a good way.",Positive
"Nothing about this fantasy film worked, especially the script, genuinely weak effort overall.",Negative
"This movie's cinematography is a shining example of great filmmaking, absolutely recommended.",Positive
"An emotional rollercoaster with brilliant script, genuinely one of my favorite films.",Positive
"This film deserves every award, the cinematography was some of the best I've ever seen.",Positive
"Everything about this drama worked, especially the screenplay, genuinely impressive work.",Positive
"Weak thriller, the visual style was confusing and the ending left me incredibly annoyed and unsatisfied.",Negative
The ending was dreadful and the story dragged on truly after a promising start.,Negative
"An emotional rollercoaster with brilliant plot, remarkably one of my favorite films.",Positive
"This comedy was painfully disappointing, the direction felt lazy and uninspired.",Negative
"One of the best movies I've seen this year, absolutely incredible performance and a moving experience.",Positive
The performance dragged this romance down into something painfully forgettable and disappointing.,Negative
The characters was so poorly done that I regretted watching this musical at all.,Negative
"This mystery was genuinely disappointing, the pacing felt lazy and uninspired.",Negative
"Superb biopic, the visual style was engaging and the ending left me speechless in a good way.",Positive
The ending was phenomenal and the story stayed with me long after the credits rolled.,Positive
"One of the best movies I've seen this year, absolutely incredible chemistry between the leads and a moving experience.",Positive
"One of the best movies I've seen this year, remarkably incredible performance and a moving experience.",Positive
"Superb biopic, the world building was engaging and the ending left me speechless in a good way.",Positive
"Everything about this romance worked, especially the storyline, truly impressive work.",Positive
"I was painfully let down by the cinematography, this comedy failed to meet even low expectations.",Negative
"This movie's script is a shining example of great filmmaking, truly recommended.",Positive
"This film deserves no praise, the characters was some of the worst I've ever seen.",Negative
"I was truly let down by the world building, this animated film failed to meet even low expectations.",Negative
"One of the worst movies I've seen this year, truly terrible pacing and a boring experience.",Negative
The acting elevated this fantasy film into something truly special and unforgettable.,Positive
"This movie's special effects is a shining example of great filmmaking, absolutely recommended.",Positive
"I hated most of this action movie, especially the editing which felt so fake and forced.",Negative
The acting dragged this mystery down into something genuinely forgettable and disappointing.,Negative
The dialogue was so well done that I immediately wanted to watch this sci-fi film again.,Positive
"This film deserves every award, the chemistry between the leads was some of the best I've ever seen.",Positive
The dialogue was so well done that I immediately wanted to watch this horror film again.,Positive
The dialogue was so well done that I immediately wanted to watch this drama again.,Positive
A wonderfully crafted romance that shows wonderfully real mastery in special effects and storytelling.,Positive
"A masterpiece of a horror film, the acting alone makes it wonderfully worth watching multiple times.",Positive
"I was truly blown away by the acting, this action movie exceeded all my expectations.",Positive
"This movie's pacing is a perfect example of bad filmmaking, incredibly would not recommend.",Negative
"I loved every minute of this documentary, especially the performance which felt so authentic.",Positive
"This romance was wonderfully brilliant, the cinematography kept me hooked from start to finish.",Positive
"This mystery was genuinely brilliant, the pacing kept me hooked from start to finish.",Positive
"Incredible documentary with fantastic pacing, I couldn't look away for a single second.",Positive
"Everything about this crime drama worked, especially the soundtrack, wonderfully impressive work.",Positive
The dialogue was so well done that I immediately wanted to watch this crime drama again.,Positive
The characters was phenomenal and the story stayed with me long after the credits rolled.,Positive
"Weak fantasy film, the visual style was confusing and the ending left me painfully annoyed and unsatisfied.",Negative
A wonderfully crafted thriller that shows truly real mastery in world building and storytelling.,Positive
"Terrible war film with weak cinematography, I couldn't stay engaged for a single scene.",Negative
"One of the best movies I've seen this year, genuinely incredible soundtrack and a moving experience.",Positive
A poorly crafted fantasy film that shows a painfully lack of effort in storyline and storytelling.,Negative
The editing was dreadful and the story dragged on truly after a promising start.,Negative
The characters was so well done that I immediately wanted to watch this musical again.,Positive
"An emotional rollercoaster with brilliant world building, truly one of my favorite films.",Positive
"One of the worst movies I've seen this year, painfully terrible storyline and a boring experience.",Negative
"This film deserves no praise, the acting was some of the worst I've ever seen.",Negative
"This film deserves no praise, the special effects was some of the worst I've ever seen.",Negative
"One of the worst movies I've seen this year, remarkably terrible dialogue and a boring experience.",Negative
"I loved every minute of this biopic, especially the soundtrack which felt so authentic.",Positive
"This movie's cinematography is a perfect example of bad filmmaking, painfully would not recommend.",Negative
"I hated most of this comedy, especially the performance which felt so fake and forced.",Negative
"Beautifully made action movie, the pacing was executed with incredibly real skill and passion.",Positive
"Terrible drama with weak dialogue, I couldn't stay engaged for a single scene.",Negative
"Beautifully made mystery, the storyline was executed with wonderfully real skill and passion.",Positive
"Everything about this war film worked, especially the cinematography, truly impressive work.",Positive
"Everything about this sci-fi film worked, especially the special effects, remarkably impressive work.",Positive
The soundtrack was so well done that I immediately wanted to watch this sci-fi film again.,Positive
"I was remarkably let down by the plot, this fantasy film failed to meet even low expectations.",Negative
"I loved every minute of this horror film, especially the performance which felt so authentic.",Positive
"Beautifully made action movie, the world building was executed with absolutely real skill and passion.",Positive
The cinematography was so poorly done that I regretted watching this fantasy film at all.,Negative
"Everything about this biopic worked, especially the cinematography, wonderfully impressive work.",Positive
"This fantasy film was incredibly disappointing, the storyline felt lazy and uninspired.",Negative
"This war film was incredibly disappointing, the characters felt lazy and uninspired.",Negative
The performance was so well done that I immediately wanted to watch this thriller again.,Positive
"Beautifully made documentary, the direction was executed with remarkably real skill and passion.",Positive
"This horror film was wonderfully brilliant, the editing kept me hooked from start to finish.",Positive
"I loved every minute of this comedy, especially the performance which felt so authentic.",Positive
The dialogue was so poorly done that I regretted watching this mystery at all.,Negative
"Nothing about this mystery worked, especially the cinematography, absolutely weak effort overall.",Negative
The acting elevated this drama into something remarkably special and unforgettable.,Positive
"A frustrating watch with awful storyline, truly one of my least favorite films.",Negative
"What a absolutely fantastic animated film, the dialogue was the highlight of my whole week.",Positive
"A mess of a fantasy film, the script alone makes it painfully not worth watching at all.",Negative
"I loved every minute of this war film, especially the ending which felt so authentic.",Positive
"Terrible comedy with weak screenplay, I couldn't stay engaged for a single scene.",Negative
"This drama was absolutely brilliant, the storyline kept me hooked from start to finish.",Positive
"Incredible romance with fantastic screenplay, I couldn't look away for a single second.",Positive
"Beautifully made thriller, the special effects was executed with absolutely real skill and passion.",Positive
"The pacing in this film is awful, every scene felt pointless and poorly executed.",Negative
The dialogue dragged this horror film down into something incredibly forgettable and disappointing.,Negative
"Beautifully made horror film, the cinematography was executed with absolutely real skill and passion.",Positive
"A masterpiece of a mystery, the ending alone makes it genuinely worth watching multiple times.",Positive
The dialogue dragged this animated film down into something painfully forgettable and disappointing.,Negative
"Terrible documentary with weak visual style, I couldn't stay engaged for a single scene.",Negative
"Weak drama, the acting was confusing and the ending left me genuinely annoyed and unsatisfied.",Negative
"I was wonderfully blown away by the pacing, this crime drama exceeded all my expectations.",Positive
The ending was so poorly done that I regretted watching this biopic at all.,Negative
"A masterpiece of a documentary, the pacing alone makes it absolutely worth watching multiple times.",Positive
"Incredible horror film with fantastic soundtrack, I couldn't look away for a single second.",Positive
"This comedy was painfully disappointing, the acting felt lazy and uninspired.",Negative
"I was absolutely let down by the dialogue, this fantasy film failed to meet even low expectations.",Negative
The dialogue was phenomenal and the story stayed with me long after the credits rolled.,Positive
A wonderfully crafted war film that shows truly real mastery in script and storytelling.,Positive
"What a painfully disappointing war film, the world building ruined the whole experience for me.",Negative
"This film deserves every award, the characters was some of the best I've ever seen.",Positive
"This movie's cinematography is a perfect example of bad filmmaking, remarkably would not recommend.",Negative
"The cinematography in this film is awful, every scene felt pointless and poorly executed.",Negative
"This film deserves every award, the acting was some of the best I've ever seen.",Positive
A wonderfully crafted action movie that shows incredibly real mastery in dialogue and storytelling.,Positive
"I was absolutely blown away by the ending, this documentary exceeded all my expectations.",Positive
"One of the best movies I've seen this year, truly incredible special effects and a moving experience.",Positive
"An emotional rollercoaster with brilliant characters, truly one of my favorite films.",Positive
A poorly crafted sci-fi film that shows a genuinely lack of effort in direction and storytelling.,Negative
"Weak animated film, the acting was confusing and the ending left me remarkably annoyed and unsatisfied.",Negative
"Poorly made crime drama, the plot was executed without any real skill or effort.",Negative
"This film deserves every award, the pacing was some of the best I've ever seen.",Positive
"I loved every minute of this romance, especially the world building which felt so authentic.",Positive
"This fantasy film was remarkably disappointing, the performance felt lazy and uninspired.",Negative
"This movie's screenplay is a shining example of great filmmaking, absolutely recommended.",Positive
The cinematography was so poorly done that I regretted watching this sci-fi film at all.,Negative
"Superb sci-fi film, the cinematography was engaging and the ending left me speechless in a good way.",Positive
"A mess of a mystery, the cinematography alone makes it absolutely not worth watching at all.",Negative
"A frustrating watch with awful special effects, remarkably one of my least favorite films.",Negative
"This film deserves every award, the performance was some of the best I've ever seen.",Positive
"A frustrating watch with awful script, genuinely one of my least favorite films.",Negative
"What a remarkably disappointing sci-fi film, the script ruined the whole experience for me.",Negative
"I loved every minute of this romance, especially the editing which felt so authentic.",Positive
"This film deserves every award, the script was some of the best I've ever seen.",Positive
"This film deserves every award, the screenplay was some of the best I've ever seen.",Positive
"This film deserves no praise, the direction was some of the worst I've ever seen.",Negative
The plot was so well done that I immediately wanted to watch this biopic again.,Positive
"What a incredibly disappointing musical, the performance ruined the whole experience for me.",Negative
"This movie's storyline is a shining example of great filmmaking, absolutely recommended.",Positive
"Terrible comedy with weak ending, I couldn't stay engaged for a single scene.",Negative
A wonderfully crafted documentary that shows wonderfully real mastery in ending and storytelling.,Positive
"I hated most of this action movie, especially the acting which felt so fake and forced.",Negative
"What a truly disappointing comedy, the special effects ruined the whole experience for me.",Negative
"A masterpiece of a thriller, the direction alone makes it remarkably worth watching multiple times.",Positive
The editing was so well done that I immediately wanted to watch this action movie again.,Positive
"This movie's performance is a shining example of great filmmaking, absolutely recommended.",Positive
The soundtrack was so poorly done that I regretted watching this drama at all.,Negative
"I loved every minute of this comedy, especially the chemistry between the leads which felt so authentic.",Positive
"Everything about this action movie worked, especially the characters, wonderfully impressive work.",Positive
"What a absolutely fantastic comedy, the visual style was the highlight of my whole week.",Positive
A wonderfully crafted thriller that shows genuinely real mastery in direction and storytelling.,Positive
"One of the best movies I've seen this year, genuinely incredible storyline and a moving experience.",Positive
"I was genuinely blown away by the editing, this drama exceeded all my expectations.",Positive
"Beautifully made crime drama, the chemistry between the leads was executed with remarkably real skill and passion.",Positive
"I hated most of this romance, especially the script which felt so fake and forced.",Negative
"I hated most of this war film, especially the script which felt so fake and forced.",Negative
"Everything about this fantasy film worked, especially the chemistry between the leads, truly impressive work.",Positive
"Terrible action movie with weak editing, I couldn't stay engaged for a single scene.",Negative
The script was phenomenal and the story stayed with me long after the credits rolled.,Positive
"I was painfully let down by the plot, this biopic failed to meet even low expectations.",Negative
"Beautifully made animated film, the soundtrack was executed with incredibly real skill and passion.",Positive
"I was genuinely let down by the world building, this documentary failed to meet even low expectations.",Negative
"I was genuinely let down by the visual style, this mystery failed to meet even low expectations.",Negative
"I loved every minute of this musical, especially the special effects which felt so authentic.",Positive
The pacing was so poorly done that I regretted watching this crime drama at all.,Negative
"The soundtrack in this film is outstanding, every scene felt purposeful and well crafted.",Positive
"Beautifully made war film, the acting was executed with incredibly real skill and passion.",Positive
"I was remarkably blown away by the script, this crime drama exceeded all my expectations.",Positive
"Incredible war film with fantastic world building, I couldn't look away for a single second.",Positive
"What a painfully disappointing fantasy film, the world building ruined the whole experience for me.",Negative
The visual style was so poorly done that I regretted watching this biopic at all.,Negative
"Nothing about this documentary worked, especially the acting, remarkably weak effort overall.",Negative
"This action movie was remarkably disappointing, the special effects felt lazy and uninspired.",Negative
"Everything about this mystery worked, especially the special effects, absolutely impressive work.",Positive
"I was incredibly let down by the ending, this action movie failed to meet even low expectations.",Negative
The performance dragged this mystery down into something incredibly forgettable and disappointing.,Negative
"Nothing about this thriller worked, especially the editing, incredibly weak effort overall.",Negative
The screenplay was so poorly done that I regretted watching this sci-fi film at all.,Negative
"I was genuinely let down by the plot, this animated film failed to meet even low expectations.",Negative
"Incredible drama with fantastic screenplay, I couldn't look away for a single second.",Positive
"I was painfully let down by the storyline, this mystery failed to meet even low expectations.",Negative
"Nothing about this romance worked, especially the screenplay, absolutely weak effort overall.",Negative
"What a absolutely disappointing action movie, the soundtrack ruined the whole experience for me.",Negative
"I hated most of this horror film, especially the ending which felt so fake and forced.",Negative
"What a absolutely fantastic horror film, the dialogue was the highlight of my whole week.",Positive
"This mystery was truly disappointing, the performance felt lazy and uninspired.",Negative
"Weak horror film, the screenplay was confusing and the ending left me remarkably annoyed and unsatisfied.",Negative
"I hated most of this comedy, especially the world building which felt so fake and forced.",Negative
"One of the best movies I've seen this year, wonderfully incredible screenplay and a moving experience.",Positive
"One of the worst movies I've seen this year, remarkably terrible characters and a boring experience.",Negative
"Nothing about this fantasy film worked, especially the editing, genuinely weak effort overall.",Negative
"What a incredibly fantastic crime drama, the pacing was the highlight of my whole week.",Positive
The script was so poorly done that I regretted watching this biopic at all.,Negative
"A masterpiece of a thriller, the dialogue alone makes it wonderfully worth watching multiple times.",Positive
"The soundtrack in this film is awful, every scene felt pointless and poorly executed.",Negative
"Beautifully made comedy, the special effects was executed with wonderfully real skill and passion.",Positive
"I was painfully let down by the special effects, this horror film failed to meet even low expectations.",Negative
"I hated most of this musical, especially the acting which felt so fake and forced.",Negative
"Incredible romance with fantastic ending, I couldn't look away for a single second.",Positive
"A masterpiece of a action movie, the screenplay alone makes it absolutely worth watching multiple times.",Positive
"The characters in this film is outstanding, every scene felt purposeful and well crafted.",Positive
"This crime drama was incredibly disappointing, the plot felt lazy and uninspired.",Negative
"What a absolutely fantastic animated film, the chemistry between the leads was the highlight of my whole week.",Positive
"What a truly fantastic horror film, the screenplay was the highlight of my whole week.",Positive
"Weak thriller, the script was confusing and the ending left me painfully annoyed and unsatisfied.",Negative
"Incredible horror film with fantastic storyline, I couldn't look away for a single second.",Positive
"A masterpiece of a musical, the pacing alone makes it absolutely worth watching multiple times.",Positive
"This film deserves no praise, the screenplay was some of the worst I've ever seen.",Negative
The ending elevated this drama into something remarkably special and unforgettable.,Positive
"What a remarkably disappointing biopic, the editing ruined the whole experience for me.",Negative
"Terrible thriller with weak editing, I couldn't stay engaged for a single scene.",Negative
"What a wonderfully fantastic romance, the world building was the highlight of my whole week.",Positive
"The performance in this film is awful, every scene felt pointless and poorly executed.",Negative
The editing was so poorly done that I regretted watching this mystery at all.,Negative
The special effects dragged this animated film down into something painfully forgettable and disappointing.,Negative
The soundtrack was dreadful and the story dragged on painfully after a promising start.,Negative
"One of the worst movies I've seen this year, absolutely terrible cinematography and a boring experience.",Negative
The special effects was so well done that I immediately wanted to watch this horror film again.,Positive
The pacing was phenomenal and the story stayed with me long after the credits rolled.,Positive
"An emotional rollercoaster with brilliant screenplay, incredibly one of my favorite films.",Positive
"Nothing about this biopic worked, especially the storyline, painfully weak effort overall.",Negative
"Everything about this drama worked, especially the ending, wonderfully impressive work.",Positive
The performance elevated this animated film into something genuinely special and unforgettable.,Positive
"I hated most of this fantasy film, especially the acting which felt so fake and forced.",Negative
"This biopic was wonderfully brilliant, the dialogue kept me hooked from start to finish.",Positive
"I was truly blown away by the pacing, this thriller exceeded all my expectations.",Positive
"The storyline in this film is outstanding, every scene felt purposeful and well crafted.",Positive
The acting was so well done that I immediately wanted to watch this comedy again.,Positive
"Everything about this thriller worked, especially the performance, incredibly impressive work.",Positive
"What a absolutely fantastic thriller, the storyline was the highlight of my whole week.",Positive
"Superb romance, the script was engaging and the ending left me speechless in a good way.",Positive
"Terrible comedy with weak soundtrack, I couldn't stay engaged for a single scene.",Negative
"I loved every minute of this war film, especially the editing which felt so authentic.",Positive
"Incredible romance with fantastic dialogue, I couldn't look away for a single second.",Positive
A wonderfully crafted documentary that shows genuinely real mastery in storyline and storytelling.,Positive
"Poorly made musical, the screenplay was executed without any real skill or effort.",Negative
"I was wonderfully blown away by the screenplay, this sci-fi film exceeded all my expectations.",Positive
"The dialogue in this film is awful, every scene felt pointless and poorly executed.",Negative
"Incredible animated film with fantastic dialogue, I couldn't look away for a single second.",Positive
"A mess of a thriller, the script alone makes it absolutely not worth watching at all.",Negative
"I hated most of this thriller, especially the screenplay which felt so fake and forced.",Negative
The chemistry between the leads was phenomenal and the story stayed with me long after the credits rolled.,Positive
"I was remarkably blown away by the visual style, this war film exceeded all my expectations.",Positive
"Poorly made comedy, the cinematography was executed without any real skill or effort.",Negative
"I hated most of this comedy, especially the soundtrack which felt so fake and forced.",Negative
"I was incredibly let down by the performance, this action movie failed to meet even low expectations.",Negative
"Terrible fantasy film with weak special effects, I couldn't stay engaged for a single scene.",Negative
The world building elevated this sci-fi film into something truly special and unforgettable.,Positive
"What a remarkably fantastic drama, the storyline was the highlight of my whole week.",Positive
"This movie's dialogue is a shining example of great filmmaking, truly recommended.",Positive
"Nothing about this biopic worked, especially the ending, truly weak effort overall.",Negative
"This animated film was genuinely disappointing, the cinematography felt lazy and uninspired.",Negative
"I loved every minute of this animated film, especially the performance which felt so authentic.",Positive
The plot elevated this biopic into something absolutely special and unforgettable.,Positive
"One of the worst movies I've seen this year, truly terrible ending and a boring experience.",Negative
"A masterpiece of a war film, the editing alone makes it absolutely worth watching multiple times.",Positive
"Beautifully made musical, the visual style was executed with genuinely real skill and passion.",Positive
"Superb thriller, the pacing was engaging and the ending left me speechless in a good way.",Positive
The ending was so well done that I immediately wanted to watch this romance again.,Positive
"A frustrating watch with awful direction, painfully one of my least favorite films.",Negative
"An emotional rollercoaster with brilliant dialogue, wonderfully one of my favorite films.",Positive
"I was incredibly let down by the soundtrack, this animated film failed to meet even low expectations.",Negative
The chemistry between the leads was so poorly done that I regretted watching this sci-fi film at all.,Negative
"What a truly fantastic drama, the cinematography was the highlight of my whole week.",Positive
The visual style was so well done that I immediately wanted to watch this drama again.,Positive
"A mess of a war film, the screenplay alone makes it absolutely not worth watching at all.",Negative
"What a incredibly disappointing animated film, the acting ruined the whole experience for me.",Negative
A poorly crafted biopic that shows a truly lack of effort in chemistry between the leads and storytelling.,Negative
"A masterpiece of a romance, the screenplay alone makes it remarkably worth watching multiple times.",Positive
"I loved every minute of this musical, especially the direction which felt so authentic.",Positive
"What a incredibly fantastic war film, the special effects was the highlight of my whole week.",Positive
"I was genuinely blown away by the cinematography, this documentary exceeded all my expectations.",Positive
"The chemistry between the leads in this film is outstanding, every scene felt purposeful and well crafted.",Positive
"This comedy was incredibly disappointing, the direction felt lazy and uninspired.",Negative
"Weak musical, the performance was confusing and the ending left me absolutely annoyed and unsatisfied.",Negative
"A frustrating watch with awful editing, absolutely one of my least favorite films.",Negative
"What a remarkably disappointing animated film, the soundtrack ruined the whole experience for me.",Negative
"An emotional rollercoaster with brilliant pacing, remarkably one of my favorite films.",Positive
"One of the best movies I've seen this year, incredibly incredible soundtrack and a moving experience.",Positive
"Terrible romance with weak storyline, I couldn't stay engaged for a single scene.",Negative
"A frustrating watch with awful screenplay, truly one of my least favorite films.",Negative
"I was truly let down by the script, this action movie failed to meet even low expectations.",Negative
"I hated most of this crime drama, especially the characters which felt so fake and forced.",Negative
"What a genuinely fantastic crime drama, the direction was the highlight of my whole week.",Positive
"An emotional rollercoaster with brilliant performance, remarkably one of my favorite films.",Positive
The cinematography dragged this romance down into something truly forgettable and disappointing.,Negative
"This action movie was absolutely disappointing, the cinematography felt lazy and uninspired.",Negative
"Poorly made mystery, the soundtrack was executed without any real skill or effort.",Negative
"I hated most of this thriller, especially the direction which felt so fake and forced.",Negative
"I loved every minute of this war film, especially the screenplay which felt so authentic.",Positive
"Beautifully made crime drama, the plot was executed with incredibly real skill and passion.",Positive
"A frustrating watch with awful visual style, remarkably one of my least favorite films.",Negative
"This drama was truly disappointing, the storyline felt lazy and uninspired.",Negative
"This movie's pacing is a shining example of great filmmaking, wonderfully recommended.",Positive
"What a absolutely disappointing war film, the chemistry between the leads ruined the whole experience for me.",Negative
The ending elevated this musical into something wonderfully special and unforgettable.,Positive
"This movie's editing is a perfect example of bad filmmaking, absolutely would not recommend.",Negative
"The screenplay in this film is outstanding, every scene felt purposeful and well crafted.",Positive
"I was remarkably let down by the screenplay, this action movie failed to meet even low expectations.",Negative
"One of the best movies I've seen this year, genuinely incredible performance and a moving experience.",Positive
"This sci-fi film was truly disappointing, the screenplay felt lazy and uninspired.",Negative
The visual style was so well done that I immediately wanted to watch this war film again.,Positive
The chemistry between the leads was so poorly done that I regretted watching this animated film at all.,Negative
"The pacing in this film is outstanding, every scene felt purposeful and well crafted.",Positive
"A mess of a musical, the visual style alone makes it absolutely not worth watching at all.",Negative
"This movie's world building is a shining example of great filmmaking, incredibly recommended.",Positive
"Weak mystery, the characters was confusing and the ending left me incredibly annoyed and unsatisfied.",Negative
"What a truly disappointing fantasy film, the script ruined the whole experience for me.",Negative
"One of the best movies I've seen this year, truly incredible plot and a moving experience.",Positive
"I was truly blown away by the direction, this documentary exceeded all my expectations.",Positive
"I loved every minute of this crime drama, especially the world building which felt so authentic.",Positive
"This movie's chemistry between the leads is a shining example of great filmmaking, absolutely recommended.",Positive
"I hated most of this thriller, especially the acting which felt so fake and forced.",Negative
"I was truly blown away by the special effects, this romance exceeded all my expectations.",Positive
"A frustrating watch with awful screenplay, genuinely one of my least favorite films.",Negative
"Weak horror film, the performance was confusing and the ending left me remarkably annoyed and unsatisfied.",Negative
"An emotional rollercoaster with brilliant script, remarkably one of my favorite films.",Positive
"What a absolutely disappointing romance, the soundtrack ruined the whole experience for me.",Negative
"One of the worst movies I've seen this year, genuinely terrible chemistry between the leads and a boring experience.",Negative
"This drama was truly disappointing, the soundtrack felt lazy and uninspired.",Negative
"Everything about this fantasy film worked, especially the special effects, absolutely impressive work.",Positive
"Incredible romance with fantastic pacing, I couldn't look away for a single second.",Positive
"This thriller was genuinely disappointing, the ending felt lazy and uninspired.",Negative
A poorly crafted mystery that shows a incredibly lack of effort in acting and storytelling.,Negative
"The editing in this film is awful, every scene felt pointless and poorly executed.",Negative
"One of the worst movies I've seen this year, incredibly terrible dialogue and a boring experience.",Negative
"Terrible biopic with weak screenplay, I couldn't stay engaged for a single scene.",Negative
The soundtrack was phenomenal and the story stayed with me long after the credits rolled.,Positive
"Superb crime drama, the chemistry between the leads was engaging and the ending left me speechless in a good way.",Positive
"One of the worst movies I've seen this year, remarkably terrible performance and a boring experience.",Negative
"The cinematography in this film is outstanding, every scene felt purposeful and well crafted.",Positive
"A masterpiece of a animated film, the dialogue alone makes it absolutely worth watching multiple times.",Positive
"Beautifully made sci-fi film, the dialogue was executed with absolutely real skill and passion.",Positive
"An emotional rollercoaster with brilliant cinematography, absolutely one of my favorite films.",Positive
A wonderfully crafted action movie that shows truly real mastery in world building and storytelling.,Positive
"What a absolutely disappointing sci-fi film, the special effects ruined the whole experience for me.",Negative
"I loved every minute of this biopic, especially the performance which felt so authentic.",Positive
"I was truly let down by the script, this sci-fi film failed to meet even low expectations.",Negative
"A frustrating watch with awful editing, remarkably one of my least favorite films.",Negative
"I was painfully let down by the acting, this comedy failed to meet even low expectations.",Negative
"What a absolutely disappointing war film, the characters ruined the whole experience for me.",Negative
A poorly crafted mystery that shows a truly lack of effort in direction and storytelling.,Negative
"One of the worst movies I've seen this year, genuinely terrible world building and a boring experience.",Negative
The pacing was so poorly done that I regretted watching this animated film at all.,Negative
"I was genuinely let down by the pacing, this crime drama failed to meet even low expectations.",Negative
"Incredible action movie with fantastic storyline, I couldn't look away for a single second.",Positive
"Nothing about this drama worked, especially the cinematography, remarkably weak effort overall.",Negative
"This comedy was genuinely brilliant, the plot kept me hooked from start to finish.",Positive
"A mess of a crime drama, the cinematography alone makes it truly not worth watching at all.",Negative
"A frustrating watch with awful script, absolutely one of my least favorite films.",Negative
The pacing was so well done that I immediately wanted to watch this animated film again.,Positive
"The dialogue in this film is outstanding, every scene felt purposeful and well crafted.",Positive
"An emotional rollercoaster with brilliant chemistry between the leads, remarkably one of my favorite films.",Positive
"Incredible war film with fantastic ending, I couldn't look away for a single second.",Positive
A wonderfully crafted musical that shows wonderfully real mastery in storyline and storytelling.,Positive
"A masterpiece of a thriller, the visual style alone makes it remarkably worth watching multiple times.",Positive
"What a truly disappointing mystery, the special effects ruined the whole experience for me.",Negative
"Everything about this comedy worked, especially the characters, absolutely impressive work.",Positive
"Beautifully made drama, the ending was executed with wonderfully real skill and passion.",Positive
"This film deserves every award, the special effects was some of the best I've ever seen.",Positive
A wonderfully crafted musical that shows wonderfully real mastery in performance and storytelling.,Positive
"Terrible musical with weak storyline, I couldn't stay engaged for a single scene.",Negative
"Weak thriller, the editing was confusing and the ending left me painfully annoyed and unsatisfied.",Negative
"Terrible action movie with weak characters, I couldn't stay engaged for a single scene.",Negative
"Beautifully made mystery, the soundtrack was executed with incredibly real skill and passion.",Positive
"A masterpiece of a thriller, the chemistry between the leads alone makes it wonderfully worth watching multiple times.",Positive
The editing dragged this documentary down into something incredibly forgettable and disappointing.,Negative
The direction elevated this musical into something absolutely special and unforgettable.,Positive
"This action movie was genuinely disappointing, the performance felt lazy and uninspired.",Negative
A poorly crafted crime drama that shows a painfully lack of effort in performance and storytelling.,Negative
"Beautifully made musical, the screenplay was executed with incredibly real skill and passion.",Positive
"Nothing about this comedy worked, especially the cinematography, genuinely weak effort overall.",Negative
"I loved every minute of this fantasy film, especially the performance which felt so authentic.",Positive
"Weak thriller, the visual style was confusing and the ending left me absolutely annoyed and unsatisfied.",Negative
The performance was so poorly done that I regretted watching this thriller at all.,Negative
"Beautifully made fantasy film, the dialogue was executed with genuinely real skill and passion.",Positive
The storyline was phenomenal and the story stayed with me long after the credits rolled.,Positive
"This sci-fi film was remarkably disappointing, the soundtrack felt lazy and uninspired.",Negative
"I was remarkably blown away by the storyline, this thriller exceeded all my expectations.",Positive
"The storyline in this film is awful, every scene felt pointless and poorly executed.",Negative
"One of the worst movies I've seen this year, incredibly terrible world building and a boring experience.",Negative
"I was incredibly blown away by the world building, this comedy exceeded all my expectations.",Positive
The chemistry between the leads elevated this crime drama into something genuinely special and unforgettable.,Positive
"Poorly made mystery, the visual style was executed without any real skill or effort.",Negative
"I was remarkably blown away by the soundtrack, this thriller exceeded all my expectations.",Positive
"Incredible action movie with fantastic pacing, I couldn't look away for a single second.",Positive
"I was truly blown away by the chemistry between the leads, this war film exceeded all my expectations.",Positive
"An emotional rollercoaster with brilliant script, incredibly one of my favorite films.",Positive
The soundtrack was so well done that I immediately wanted to watch this mystery again.,Positive
"This drama was painfully disappointing, the screenplay felt lazy and uninspired.",Negative
"What a incredibly fantastic action movie, the acting was the highlight of my whole week.",Positive
The pacing was so well done that I immediately wanted to watch this sci-fi film again.,Positive
"An emotional rollercoaster with brilliant world building, absolutely one of my favorite films.",Positive
"Incredible thriller with fantastic editing, I couldn't look away for a single second.",Positive
"Terrible fantasy film with weak world building, I couldn't stay engaged for a single scene.",Negative
"A mess of a documentary, the acting alone makes it genuinely not worth watching at all.",Negative
"Everything about this drama worked, especially the chemistry between the leads, wonderfully impressive work.",Positive
The pacing dragged this mystery down into something absolutely forgettable and disappointing.,Negative
The performance dragged this drama down into something absolutely forgettable and disappointing.,Negative
"This mystery was truly brilliant, the acting kept me hooked from start to finish.",Positive
"Terrible documentary with weak direction, I couldn't stay engaged for a single scene.",Negative
"I hated most of this horror film, especially the plot which felt so fake and forced.",Negative
"I loved every minute of this animated film, especially the editing which felt so authentic.",Positive
"This movie's visual style is a perfect example of bad filmmaking, genuinely would not recommend.",Negative
"This animated film was incredibly disappointing, the acting felt lazy and uninspired.",Negative
"Poorly made action movie, the plot was executed without any real skill or effort.",Negative
"One of the best movies I've seen this year, genuinely incredible pacing and a moving experience.",Positive
"I loved every minute of this biopic, especially the characters which felt so authentic.",Positive
"Superb documentary, the chemistry between the leads was engaging and the ending left me speechless in a good way.",Positive
"Everything about this thriller worked, especially the characters, absolutely impressive work.",Positive
"One of the best movies I've seen this year, absolutely incredible direction and a moving experience.",Positive
"I was incredibly blown away by the special effects, this documentary exceeded all my expectations.",Positive
"One of the best movies I've seen this year, absolutely incredible world building and a moving experience.",Positive
"This documentary was remarkably brilliant, the chemistry between the leads kept me hooked from start to finish.",Positive
The storyline dragged this action movie down into something truly forgettable and disappointing.,Negative
"This biopic was remarkably brilliant, the characters kept me hooked from start to finish.",Positive
"Weak comedy, the characters was confusing and the ending left me genuinely annoyed and unsatisfied.",Negative
"A frustrating watch with awful ending, genuinely one of my least favorite films.",Negative
"This horror film was incredibly disappointing, the direction felt lazy and uninspired.",Negative
The direction was dreadful and the story dragged on remarkably after a promising start.,Negative
"Superb romance, the plot was engaging and the ending left me speechless in a good way.",Positive
A wonderfully crafted musical that shows wonderfully real mastery in chemistry between the leads and storytelling.,Positive
"What a truly fantastic mystery, the plot was the highlight of my whole week.",Positive
"Superb documentary, the plot was engaging and the ending left me speechless in a good way.",Positive
A wonderfully crafted romance that shows truly real mastery in dialogue and storytelling.,Positive
The acting elevated this fantasy film into something absolutely special and unforgettable.,Positive
"What a remarkably disappointing documentary, the dialogue ruined the whole experience for me.",Negative
The characters elevated this fantasy film into something incredibly special and unforgettable.,Positive
The soundtrack elevated this mystery into something incredibly special and unforgettable.,Positive
"A mess of a fantasy film, the soundtrack alone makes it remarkably not worth watching at all.",Negative
The script elevated this comedy into something wonderfully special and unforgettable.,Positive
The editing was so well done that I immediately wanted to watch this horror film again.,Positive
"This horror film was remarkably brilliant, the soundtrack kept me hooked from start to finish.",Positive
The editing was phenomenal and the story stayed with me long after the credits rolled.,Positive
"Superb crime drama, the world building was engaging and the ending left me speechless in a good way.",Positive
"A mess of a crime drama, the ending alone makes it truly not worth watching at all.",Negative
"Everything about this biopic worked, especially the ending, wonderfully impressive work.",Positive
The direction elevated this biopic into something absolutely special and unforgettable.,Positive
A poorly crafted war film that shows a truly lack of effort in screenplay and storytelling.,Negative
A poorly crafted biopic that shows a truly lack of effort in special effects and storytelling.,Negative
"Beautifully made musical, the characters was executed with remarkably real skill and passion.",Positive
"I was incredibly blown away by the ending, this mystery exceeded all my expectations.",Positive
"Everything about this biopic worked, especially the screenplay, genuinely impressive work.",Positive
"This movie's characters is a shining example of great filmmaking, incredibly recommended.",Positive
"I hated most of this fantasy film, especially the characters which felt so fake and forced.",Negative
"A masterpiece of a drama, the acting alone makes it truly worth watching multiple times.",Positive
A poorly crafted fantasy film that shows a truly lack of effort in chemistry between the leads and storytelling.,Negative
The cinematography was phenomenal and the story stayed with me long after the credits rolled.,Positive
A wonderfully crafted sci-fi film that shows wonderfully real mastery in chemistry between the leads and storytelling.,Positive
"Nothing about this musical worked, especially the direction, painfully weak effort overall.",Negative
The ending was dreadful and the story dragged on genuinely after a promising start.,Negative
"A mess of a drama, the storyline alone makes it truly not worth watching at all.",Negative
"A masterpiece of a animated film, the chemistry between the leads alone makes it genuinely worth watching multiple times.",Positive
"A frustrating watch with awful screenplay, absolutely one of my least favorite films.",Negative
"Incredible sci-fi film with fantastic special effects, I couldn't look away for a single second.",Positive
"A masterpiece of a crime drama, the chemistry between the leads alone makes it remarkably worth watching multiple times.",Positive
The cinematography dragged this musical down into something remarkably forgettable and disappointing.,Negative
"This movie's editing is a shining example of great filmmaking, wonderfully recommended.",Positive
"An emotional rollercoaster with brilliant performance, genuinely one of my favorite films.",Positive
"A frustrating watch with awful performance, truly one of my least favorite films.",Negative
"The visual style in this film is awful, every scene felt pointless and poorly executed.",Negative
"Weak mystery, the screenplay was confusing and the ending left me remarkably annoyed and unsatisfied.",Negative
"Incredible musical with fantastic script, I couldn't look away for a single second.",Positive
"Beautifully made documentary, the soundtrack was executed with incredibly real skill and passion.",Positive
"The chemistry between the leads in this film is awful, every scene felt pointless and poorly executed.",Negative
"A masterpiece of a action movie, the screenplay alone makes it wonderfully worth watching multiple times.",Positive
The pacing dragged this crime drama down into something absolutely forgettable and disappointing.,Negative
"Incredible biopic with fantastic acting, I couldn't look away for a single second.",Positive
"Incredible sci-fi film with fantastic screenplay, I couldn't look away for a single second.",Positive
The visual style was so poorly done that I regretted watching this drama at all.,Negative
"I was truly let down by the pacing, this war film failed to meet even low expectations.",Negative
"Beautifully made sci-fi film, the special effects was executed with wonderfully real skill and passion.",Positive
"Nothing about this action movie worked, especially the plot, incredibly weak effort overall.",Negative
"This animated film was truly disappointing, the characters felt lazy and uninspired.",Negative
"The special effects in this film is outstanding, every scene felt purposeful and well crafted.",Positive
A poorly crafted biopic that shows a truly lack of effort in acting and storytelling.,Negative
The cinematography was so well done that I immediately wanted to watch this documentary again.,Positive
"One of the worst movies I've seen this year, incredibly terrible chemistry between the leads and a boring experience.",Negative
"Beautifully made action movie, the screenplay was executed with incredibly real skill and passion.",Positive
"The screenplay in this film is awful, every scene felt pointless and poorly executed.",Negative
"What a truly fantastic war film, the direction was the highlight of my whole week.",Positive
"A frustrating watch with awful characters, remarkably one of my least favorite films.",Negative
"A mess of a crime drama, the performance alone makes it remarkably not worth watching at all.",Negative
"A frustrating watch with awful direction, absolutely one of my least favorite films.",Negative
"A mess of a mystery, the chemistry between the leads alone makes it incredibly not worth watching at all.",Negative
"This war film was genuinely brilliant, the world building kept me hooked from start to finish.",Positive
"I was wonderfully blown away by the performance, this fantasy film exceeded all my expectations.",Positive
"Everything about this drama worked, especially the plot, absolutely impressive work.",Positive
"Poorly made sci-fi film, the acting was executed without any real skill or effort.",Negative
"What a absolutely fantastic fantasy film, the performance was the highlight of my whole week.",Positive
"I was remarkably let down by the script, this musical failed to meet even low expectations.",Negative
"Superb action movie, the soundtrack was engaging and the ending left me speechless in a good way.",Positive
"This horror film was absolutely disappointing, the direction felt lazy and uninspired.",Negative
"Nothing about this romance worked, especially the world building, genuinely weak effort overall.",Negative
"The characters in this film is awful, every scene felt pointless and poorly executed.",Negative
The script dragged this crime drama down into something genuinely forgettable and disappointing.,Negative
"I loved every minute of this fantasy film, especially the chemistry between the leads which felt so authentic.",Positive
The direction was so poorly done that I regretted watching this romance at all.,Negative
"Everything about this war film worked, especially the cinematography, remarkably impressive work.",Positive
"This romance was wonderfully brilliant, the plot kept me hooked from start to finish.",Positive
The cinematography was so poorly done that I regretted watching this war film at all.,Negative
"This mystery was remarkably disappointing, the pacing felt lazy and uninspired.",Negative
"This movie's script is a perfect example of bad filmmaking, genuinely would not recommend.",Negative
The acting was so poorly done that I regretted watching this documentary at all.,Negative
"Everything about this horror film worked, especially the dialogue, genuinely impressive work.",Positive
The script elevated this musical into something incredibly special and unforgettable.,Positive
The screenplay was dreadful and the story dragged on remarkably after a promising start.,Negative
The chemistry between the leads was so poorly done that I regretted watching this romance at all.,Negative
"This horror film was remarkably brilliant, the cinematography kept me hooked from start to finish.",Positive
"Everything about this animated film worked, especially the storyline, truly impressive work.",Positive
"I was truly let down by the cinematography, this comedy failed to meet even low expectations.",Negative
"This film deserves no praise, the storyline was some of the worst I've ever seen.",Negative
"I loved every minute of this action movie, especially the pacing which felt so authentic.",Positive
A wonderfully crafted action movie that shows wonderfully real mastery in world building and storytelling.,Positive
The pacing dragged this drama down into something absolutely forgettable and disappointing.,Negative
The characters elevated this animated film into something absolutely special and unforgettable.,Positive
"Weak sci-fi film, the screenplay was confusing and the ending left me remarkably annoyed and unsatisfied.",Negative
"What a genuinely fantastic biopic, the direction was the highlight of my whole week.",Positive
"I hated most of this documentary, especially the acting which felt so fake and forced.",Negative
A poorly crafted documentary that shows a genuinely lack of effort in pacing and storytelling.,Negative
The direction was so poorly done that I regretted watching this comedy at all.,Negative
"One of the best movies I've seen this year, genuinely incredible ending and a moving experience.",Positive
"A mess of a fantasy film, the editing alone makes it incredibly not worth watching at all.",Negative
"One of the worst movies I've seen this year, genuinely terrible dialogue and a boring experience.",Negative
"One of the worst movies I've seen this year, remarkably terrible direction and a boring experience.",Negative
The editing elevated this musical into something absolutely special and unforgettable.,Positive
"I loved every minute of this mystery, especially the soundtrack which felt so authentic.",Positive
A poorly crafted biopic that shows a painfully lack of effort in screenplay and storytelling.,Negative
"One of the worst movies I've seen this year, painfully terrible pacing and a boring experience.",Negative
The special effects was dreadful and the story dragged on truly after a promising start.,Negative
A wonderfully crafted drama that shows absolutely real mastery in chemistry between the leads and storytelling.,Positive
"One of the worst movies I've seen this year, painfully terrible cinematography and a boring experience.",Negative
"I was genuinely let down by the dialogue, this thriller failed to meet even low expectations.",Negative
"Superb sci-fi film, the chemistry between the leads was engaging and the ending left me speechless in a good way.",Positive
"I was genuinely let down by the acting, this documentary failed to meet even low expectations.",Negative
"Terrible comedy with weak plot, I couldn't stay engaged for a single scene.",Negative
"The script in this film is outstanding, every scene felt purposeful and well crafted.",Positive
"A masterpiece of a mystery, the world building alone makes it genuinely worth watching multiple times.",Positive
The performance was dreadful and the story dragged on truly after a promising start.,Negative
"This horror film was remarkably disappointing, the chemistry between the leads felt lazy and uninspired.",Negative
"I was remarkably let down by the cinematography, this thriller failed to meet even low expectations.",Negative
"Incredible musical with fantastic screenplay, I couldn't look away for a single second.",Positive
"I hated most of this thriller, especially the special effects which felt so fake and forced.",Negative
"An emotional rollercoaster with brilliant acting, wonderfully one of my favorite films.",Positive
"Poorly made documentary, the script was executed without any real skill or effort.",Negative
"Weak animated film, the world building was confusing and the ending left me genuinely annoyed and unsatisfied.",Negative
"Everything about this horror film worked, especially the characters, remarkably impressive work.",Positive
The world building elevated this drama into something wonderfully special and unforgettable.,Positive
"What a truly disappointing musical, the plot ruined the whole experience for me.",Negative
"One of the worst movies I've seen this year, truly terrible special effects and a boring experience.",Negative
A wonderfully crafted mystery that shows remarkably real mastery in world building and storytelling.,Positive
"Everything about this animated film worked, especially the direction, wonderfully impressive work.",Positive
"Poorly made war film, the ending was executed without any real skill or effort.",Negative
The chemistry between the leads elevated this horror film into something wonderfully special and unforgettable.,Positive
"I loved every minute of this animated film, especially the cinematography which felt so authentic.",Positive
"This film deserves every award, the world building was some of the best I've ever seen.",Positive
"This movie's acting is a shining example of great filmmaking, truly recommended.",Positive
"What a truly fantastic war film, the editing was the highlight of my whole week.",Positive
The editing was so poorly done that I regretted watching this biopic at all.,Negative
"This movie's plot is a perfect example of bad filmmaking, truly would not recommend.",Negative
"Poorly made horror film, the special effects was executed without any real skill or effort.",Negative
The editing was so well done that I immediately wanted to watch this mystery again.,Positive
"Everything about this romance worked, especially the soundtrack, wonderfully impressive work.",Positive
"Beautifully made musical, the screenplay was executed with genuinely real skill and passion.",Positive
"Superb crime drama, the characters was engaging and the ending left me speechless in a good way.",Positive
"One of the best movies I've seen this year, remarkably incredible plot and a moving experience.",Positive
"This war film was incredibly disappointing, the screenplay felt lazy and uninspired.",Negative
"Everything about this horror film worked, especially the world building, truly impressive work.",Positive
"This movie's screenplay is a shining example of great filmmaking, genuinely recommended.",Positive
"A frustrating watch with awful acting, truly one of my least favorite films.",Negative
The pacing was so poorly done that I regretted watching this action movie at all.,Negative
"Incredible action movie with fantastic cinematography, I couldn't look away for a single second.",Positive
"An emotional rollercoaster with brilliant editing, truly one of my favorite films.",Positive
The dialogue was dreadful and the story dragged on truly after a promising start.,Negative
"A mess of a musical, the acting alone makes it truly not worth watching at all.",Negative
The characters was so poorly done that I regretted watching this biopic at all.,Negative
"This biopic was absolutely brilliant, the performance kept me hooked from start to finish.",Positive
The chemistry between the leads was so poorly done that I regretted watching this musical at all.,Negative
The cinematography was so well done that I immediately wanted to watch this animated film again.,Positive
"Weak musical, the visual style was confusing and the ending left me incredibly annoyed and unsatisfied.",Negative
"A masterpiece of a comedy, the chemistry between the leads alone makes it incredibly worth watching multiple times.",Positive
"Superb action movie, the direction was engaging and the ending left me speechless in a good way.",Positive
"Terrible biopic with weak dialogue, I couldn't stay engaged for a single scene.",Negative
"I loved every minute of this crime drama, especially the pacing which felt so authentic.",Positive
"Terrible horror film with weak dialogue, I couldn't stay engaged for a single scene.",Negative
"What a truly disappointing fantasy film, the chemistry between the leads ruined the whole experience for me.",Negative
"A mess of a fantasy film, the screenplay alone makes it absolutely not worth watching at all.",Negative
The performance elevated this thriller into something wonderfully special and unforgettable.,Positive
"Poorly made war film, the dialogue was executed without any real skill or effort.",Negative
"Beautifully made romance, the ending was executed with truly real skill and passion.",Positive
"I was remarkably blown away by the dialogue, this crime drama exceeded all my expectations.",Positive
The world building dragged this comedy down into something remarkably forgettable and disappointing.,Negative
"Weak fantasy film, the ending was confusing and the ending left me incredibly annoyed and unsatisfied.",Negative
"Poorly made musical, the special effects was executed without any real skill or effort.",Negative
"One of the best movies I've seen this year, wonderfully incredible direction and a moving experience.",Positive
"I was absolutely let down by the storyline, this horror film failed to meet even low expectations.",Negative
"Poorly made documentary, the dialogue was executed without any real skill or effort.",Negative
"Nothing about this sci-fi film worked, especially the dialogue, remarkably weak effort overall.",Negative
The cinematography dragged this war film down into something remarkably forgettable and disappointing.,Negative
"One of the best movies I've seen this year, absolutely incredible storyline and a moving experience.",Positive
"Nothing about this musical worked, especially the storyline, painfully weak effort overall.",Negative
"A frustrating watch with awful script, incredibly one of my least favorite films.",Negative
"This mystery was wonderfully brilliant, the screenplay kept me hooked from start to finish.",Positive
A poorly crafted sci-fi film that shows a remarkably lack of effort in performance and storytelling.,Negative
The characters was dreadful and the story dragged on incredibly after a promising start.,Negative
A poorly crafted action movie that shows a remarkably lack of effort in ending and storytelling.,Negative
"A frustrating watch with awful dialogue, remarkably one of my least favorite films.",Negative
"Beautifully made musical, the direction was executed with remarkably real skill and passion.",Positive
The special effects was so poorly done that I regretted watching this fantasy film at all.,Negative
"This movie's screenplay is a perfect example of bad filmmaking, incredibly would not recommend.",Negative
The direction was phenomenal and the story stayed with me long after the credits rolled.,Positive
"Nothing about this crime drama worked, especially the storyline, absolutely weak effort overall.",Negative
"What a absolutely disappointing musical, the ending ruined the whole experience for me.",Negative
The plot dragged this fantasy film down into something painfully forgettable and disappointing.,Negative
The ending was dreadful and the story dragged on remarkably after a promising start.,Negative
"I loved every minute of this comedy, especially the cinematography which felt so authentic.",Positive
"A mess of a comedy, the performance alone makes it remarkably not worth watching at all.",Negative
The performance elevated this biopic into something wonderfully special and unforgettable.,Positive
The acting was phenomenal and the story stayed with me long after the credits rolled.,Positive
A wonderfully crafted war film that shows genuinely real mastery in cinematography and storytelling.,Positive
"Weak action movie, the cinematography was confusing and the ending left me painfully annoyed and unsatisfied.",Negative
"Weak biopic, the acting was confusing and the ending left me painfully annoyed and unsatisfied.",Negative
"Superb biopic, the plot was engaging and the ending left me speechless in a good way.",Positive
The screenplay elevated this fantasy film into something wonderfully special and unforgettable.,Positive
The pacing was so well done that I immediately wanted to watch this crime drama again.,Positive
"What a wonderfully fantastic musical, the characters was the highlight of my whole week.",Positive
The soundtrack dragged this animated film down into something remarkably forgettable and disappointing.,Negative
"A frustrating watch with awful ending, remarkably one of my least favorite films.",Negative
The dialogue was so poorly done that I regretted watching this war film at all.,Negative
"I loved every minute of this documentary, especially the dialogue which felt so authentic.",Positive
"One of the worst movies I've seen this year, absolutely terrible pacing and a boring experience.",Negative
"This movie's direction is a perfect example of bad filmmaking, remarkably would not recommend.",Negative
"Weak mystery, the chemistry between the leads was confusing and the ending left me incredibly annoyed and unsatisfied.",Negative
"Incredible biopic with fantastic special effects, I couldn't look away for a single second.",Positive
"I hated most of this drama, especially the acting which felt so fake and forced.",Negative
"Weak comedy, the performance was confusing and the ending left me incredibly annoyed and unsatisfied.",Negative
"What a incredibly fantastic action movie, the pacing was the highlight of my whole week.",Positive
"Beautifully made crime drama, the dialogue was executed with absolutely real skill and passion.",Positive
The acting was so poorly done that I regretted watching this action movie at all.,Negative
"A frustrating watch with awful performance, genuinely one of my least favorite films.",Negative
"I loved every minute of this animated film, especially the acting which felt so authentic.",Positive
"A mess of a war film, the soundtrack alone makes it genuinely not worth watching at all.",Negative
"I loved every minute of this musical, especially the performance which felt so authentic.",Positive
"What a incredibly fantastic romance, the ending was the highlight of my whole week.",Positive
"This biopic was incredibly disappointing, the cinematography felt lazy and uninspired.",Negative
"What a wonderfully fantastic crime drama, the pacing was the highlight of my whole week.",Positive
A wonderfully crafted horror film that shows absolutely real mastery in visual style and storytelling.,Positive
"One of the worst movies I've seen this year, painfully terrible chemistry between the leads and a boring experience.",Negative
"I was wonderfully blown away by the screenplay, this fantasy film exceeded all my expectations.",Positive
"An emotional rollercoaster with brilliant ending, truly one of my favorite films.",Positive
"One of the best movies I've seen this year, incredibly incredible pacing and a moving experience.",Positive
"An emotional rollercoaster with brilliant acting, truly one of my favorite films.",Positive
"This film deserves no praise, the world building was some of the worst I've ever seen.",Negative
A wonderfully crafted mystery that shows remarkably real mastery in direction and storytelling.,Positive
"Incredible fantasy film with fantastic world building, I couldn't look away for a single second.",Positive
"Poorly made animated film, the editing was executed without any real skill or effort.",Negative
A wonderfully crafted musical that shows genuinely real mastery in screenplay and storytelling.,Positive
"Terrible biopic with weak editing, I couldn't stay engaged for a single scene.",Negative
A wonderfully crafted fantasy film that shows wonderfully real mastery in dialogue and storytelling.,Positive
"One of the worst movies I've seen this year, painfully terrible world building and a boring experience.",Negative
"One of the worst movies I've seen this year, remarkably terrible storyline and a boring experience.",Negative
"Weak thriller, the plot was confusing and the ending left me incredibly annoyed and unsatisfied.",Negative
"This movie's chemistry between the leads is a shining example of great filmmaking, incredibly recommended.",Positive
"Weak fantasy film, the chemistry between the leads was confusing and the ending left me genuinely annoyed and unsatisfied.",Negative
"I loved every minute of this thriller, especially the performance which felt so authentic.",Positive
"This movie's world building is a perfect example of bad filmmaking, incredibly would not recommend.",Negative
"Superb drama, the visual style was engaging and the ending left me speechless in a good way.",Positive
"This movie's cinematography is a shining example of great filmmaking, truly recommended.",Positive
"A frustrating watch with awful soundtrack, absolutely one of my least favorite films.",Negative
"Beautifully made musical, the plot was executed with genuinely real skill and passion.",Positive
"This film deserves no praise, the dialogue was some of the worst I've ever seen.",Negative
The dialogue was so well done that I immediately wanted to watch this documentary again.,Positive
"A mess of a action movie, the special effects alone makes it genuinely not worth watching at all.",Negative
"One of the best movies I've seen this year, absolutely incredible soundtrack and a moving experience.",Positive
A poorly crafted drama that shows a painfully lack of effort in chemistry between the leads and storytelling.,Negative
"A masterpiece of a action movie, the screenplay alone makes it remarkably worth watching multiple times.",Positive
"Weak war film, the characters was confusing and the ending left me genuinely annoyed and unsatisfied.",Negative
"Everything about this horror film worked, especially the dialogue, truly impressive work.",Positive
"A masterpiece of a romance, the script alone makes it incredibly worth watching multiple times.",Positive
"Superb biopic, the script was engaging and the ending left me speechless in a good way.",Positive
The editing was dreadful and the story dragged on remarkably after a promising start.,Negative
"Weak crime drama, the characters was confusing and the ending left me remarkably annoyed and unsatisfied.",Negative
The direction was so well done that I immediately wanted to watch this mystery again.,Positive
"The performance in this film is outstanding, every scene felt purposeful and well crafted.",Positive
The chemistry between the leads elevated this comedy into something truly special and unforgettable.,Positive
The performance dragged this drama down into something truly forgettable and disappointing.,Negative
"This film deserves every award, the soundtrack was some of the best I've ever seen.",Positive
"I was remarkably let down by the pacing, this action movie failed to meet even low expectations.",Negative
"Incredible fantasy film with fantastic script, I couldn't look away for a single second.",Positive
The visual style was phenomenal and the story stayed with me long after the credits rolled.,Positive
The ending was so poorly done that I regretted watching this thriller at all.,Negative
"One of the worst movies I've seen this year, painfully terrible dialogue and a boring experience.",Negative
"This movie's plot is a shining example of great filmmaking, remarkably recommended.",Positive
The storyline dragged this documentary down into something absolutely forgettable and disappointing.,Negative
"Poorly made romance, the editing was executed without any real skill or effort.",Negative
"Everything about this animated film worked, especially the characters, wonderfully impressive work.",Positive
"A mess of a horror film, the special effects alone makes it painfully not worth watching at all.",Negative
"Terrible drama with weak plot, I couldn't stay engaged for a single scene.",Negative
The soundtrack dragged this documentary down into something incredibly forgettable and disappointing.,Negative
"Superb musical, the editing was engaging and the ending left me speechless in a good way.",Positive
"A frustrating watch with awful editing, truly one of my least favorite films.",Negative
The screenplay dragged this musical down into something truly forgettable and disappointing.,Negative
The screenplay was so poorly done that I regretted watching this fantasy film at all.,Negative
"Superb thriller, the acting was engaging and the ending left me speechless in a good way.",Positive
"Everything about this horror film worked, especially the soundtrack, remarkably impressive work.",Positive
"An emotional rollercoaster with brilliant cinematography, genuinely one of my favorite films.",Positive
"One of the best movies I've seen this year, wonderfully incredible characters and a moving experience.",Positive
"What a painfully disappointing thriller, the storyline ruined the whole experience for me.",Negative
"This horror film was truly brilliant, the pacing kept me hooked from start to finish.",Positive
The visual style dragged this crime drama down into something remarkably forgettable and disappointing.,Negative
"What a incredibly disappointing war film, the special effects ruined the whole experience for me.",Negative
"This movie's storyline is a shining example of great filmmaking, wonderfully recommended.",Positive
"Incredible romance with fantastic cinematography, I couldn't look away for a single second.",Positive
"A mess of a documentary, the ending alone makes it genuinely not worth watching at all.",Negative
"Nothing about this drama worked, especially the plot, genuinely weak effort overall.",Negative
"This animated film was truly brilliant, the dialogue kept me hooked from start to finish.",Positive
The characters was so well done that I immediately wanted to watch this fantasy film again.,Positive
The performance dragged this comedy down into something absolutely forgettable and disappointing.,Negative
The editing was so poorly done that I regretted watching this action movie at all.,Negative
A wonderfully crafted drama that shows incredibly real mastery in editing and storytelling.,Positive
"A masterpiece of a romance, the direction alone makes it incredibly worth watching multiple times.",Positive
"Beautifully made drama, the world building was executed with truly real skill and passion.",Positive
A poorly crafted horror film that shows a incredibly lack of effort in plot and storytelling.,Negative
The special effects was so well done that I immediately wanted to watch this documentary again.,Positive
"Everything about this animated film worked, especially the screenplay, genuinely impressive work.",Positive
"Poorly made crime drama, the world building was executed without any real skill or effort.",Negative
"A mess of a comedy, the dialogue alone makes it genuinely not worth watching at all.",Negative
"One of the worst movies I've seen this year, truly terrible storyline and a boring experience.",Negative
"An emotional rollercoaster with brilliant pacing, absolutely one of my favorite films.",Positive
The world building was so well done that I immediately wanted to watch this horror film again.,Positive
"Poorly made drama, the screenplay was executed without any real skill or effort.",Negative
"One of the worst movies I've seen this year, incredibly terrible pacing and a boring experience.",Negative
"Incredible war film with fantastic soundtrack, I couldn't look away for a single second.",Positive
"This movie's visual style is a perfect example of bad filmmaking, remarkably would not recommend.",Negative
"The editing in this film is outstanding, every scene felt purposeful and well crafted.",Positive
"A masterpiece of a horror film, the dialogue alone makes it incredibly worth watching multiple times.",Positive
The screenplay was so well done that I immediately wanted to watch this romance again.,Positive
The pacing was so well done that I immediately wanted to watch this action movie again.,Positive
The pacing was so well done that I immediately wanted to watch this horror film again.,Positive
"One of the worst movies I've seen this year, incredibly terrible special effects and a boring experience.",Negative
"This animated film was genuinely brilliant, the chemistry between the leads kept me hooked from start to finish.",Positive
"I loved every minute of this crime drama, especially the storyline which felt so authentic.",Positive
"A mess of a thriller, the screenplay alone makes it truly not worth watching at all.",Negative
"I was incredibly blown away by the script, this thriller exceeded all my expectations.",Positive
"I was remarkably blown away by the soundtrack, this crime drama exceeded all my expectations.",Positive
The soundtrack dragged this drama down into something painfully forgettable and disappointing.,Negative
"Poorly made romance, the soundtrack was executed without any real skill or effort.",Negative
The ending elevated this musical into something incredibly special and unforgettable.,Positive
"Superb animated film, the screenplay was engaging and the ending left me speechless in a good way.",Positive
The direction dragged this comedy down into something absolutely forgettable and disappointing.,Negative
"Poorly made documentary, the world building was executed without any real skill or effort.",Negative
"Everything about this sci-fi film worked, especially the cinematography, wonderfully impressive work.",Positive
"Incredible war film with fantastic chemistry between the leads, I couldn't look away for a single second.",Positive
"Beautifully made war film, the screenplay was executed with genuinely real skill and passion.",Positive
"A frustrating watch with awful soundtrack, incredibly one of my least favorite films.",Negative
"This film deserves no praise, the script was some of the worst I've ever seen.",Negative
"An emotional rollercoaster with brilliant editing, wonderfully one of my favorite films.",Positive
"An emotional rollercoaster with brilliant editing, absolutely one of my favorite films.",Positive
The direction was so poorly done that I regretted watching this thriller at all.,Negative
The pacing dragged this sci-fi film down into something truly forgettable and disappointing.,Negative
"Weak war film, the special effects was confusing and the ending left me incredibly annoyed and unsatisfied.",Negative
"Beautifully made action movie, the special effects was executed with remarkably real skill and passion.",Positive
A wonderfully crafted horror film that shows absolutely real mastery in world building and storytelling.,Positive
"Poorly made comedy, the ending was executed without any real skill or effort.",Negative
"This horror film was painfully disappointing, the cinematography felt lazy and uninspired.",Negative
A poorly crafted mystery that shows a remarkably lack of effort in special effects and storytelling.,Negative
"Superb drama, the performance was engaging and the ending left me speechless in a good way.",Positive
"This film deserves every award, the dialogue was some of the best I've ever seen.",Positive
"A masterpiece of a comedy, the dialogue alone makes it remarkably worth watching multiple times.",Positive
A poorly crafted crime drama that shows a incredibly lack of effort in acting and storytelling.,Negative
"The acting in this film is outstanding, every scene felt purposeful and well crafted.",Positive
"The script in this film is awful, every scene felt pointless and poorly executed.",Negative
"Superb sci-fi film, the script was engaging and the ending left me speechless in a good way.",Positive
"What a remarkably disappointing thriller, the performance ruined the whole experience for me.",Negative
"What a truly disappointing crime drama, the plot ruined the whole experience for me.",Negative
"I was remarkably let down by the characters, this comedy failed to meet even low expectations.",Negative
"This film deserves every award, the plot was some of the best I've ever seen.",Positive
The direction dragged this animated film down into something remarkably forgettable and disappointing.,Negative
The storyline dragged this musical down into something painfully forgettable and disappointing.,Negative
"Superb crime drama, the special effects was engaging and the ending left me speechless in a good way.",Positive
"This musical was absolutely disappointing, the direction felt lazy and uninspired.",Negative
"What a incredibly disappointing romance, the ending ruined the whole experience for me.",Negative
"Nothing about this action movie worked, especially the characters, genuinely weak effort overall.",Negative
"I was truly blown away by the soundtrack, this sci-fi film exceeded all my expectations.",Positive
"This film deserves no praise, the chemistry between the leads was some of the worst I've ever seen.",Negative
"Incredible crime drama with fantastic screenplay, I couldn't look away for a single second.",Positive
"This film deserves every award, the editing was some of the best I've ever seen.",Positive
"This movie's acting is a perfect example of bad filmmaking, painfully would not recommend.",Negative
The ending was so well done that I immediately wanted to watch this documentary again.,Positive
"Weak action movie, the acting was confusing and the ending left me absolutely annoyed and unsatisfied.",Negative
The direction elevated this war film into something truly special and unforgettable.,Positive
"I was truly let down by the storyline, this horror film failed to meet even low expectations.",Negative
"One of the best movies I've seen this year, genuinely incredible acting and a moving experience.",Positive
"I hated most of this mystery, especially the acting which felt so fake and forced.",Negative
A wonderfully crafted drama that shows incredibly real mastery in chemistry between the leads and storytelling.,Positive
"What a absolutely disappointing biopic, the screenplay ruined the whole experience for me.",Negative
"One of the worst movies I've seen this year, incredibly terrible script and a boring experience.",Negative
"I was absolutely blown away by the world building, this sci-fi film exceeded all my expectations.",Positive
The soundtrack elevated this crime drama into something absolutely special and unforgettable.,Positive
"Beautifully made sci-fi film, the script was executed with absolutely real skill and passion.",Positive
"I loved every minute of this fantasy film, especially the ending which felt so authentic.",Positive
"This movie's direction is a shining example of great filmmaking, genuinely recommended.",Positive
"What a remarkably fantastic thriller, the performance was the highlight of my whole week.",Positive
"This thriller was absolutely disappointing, the plot felt lazy and uninspired.",Negative
"What a incredibly fantastic action movie, the soundtrack was the highlight of my whole week.",Positive
"This musical was absolutely brilliant, the direction kept me hooked from start to finish.",Positive
The script dragged this action movie down into something truly forgettable and disappointing.,Negative
A wonderfully crafted musical that shows absolutely real mastery in visual style and storytelling.,Positive
"This film deserves no praise, the plot was some of the worst I've ever seen.",Negative
"Superb crime drama, the dialogue was engaging and the ending left me speechless in a good way.",Positive
A poorly crafted war film that shows a truly lack of effort in special effects and storytelling.,Negative
"This comedy was remarkably disappointing, the storyline felt lazy and uninspired.",Negative
"I hated most of this musical, especially the ending which felt so fake and forced.",Negative
"A masterpiece of a war film, the dialogue alone makes it genuinely worth watching multiple times.",Positive
"What a truly fantastic comedy, the direction was the highlight of my whole week.",Positive
The cinematography was so poorly done that I regretted watching this comedy at all.,Negative
"This movie's performance is a perfect example of bad filmmaking, incredibly would not recommend.",Negative
"Nothing about this mystery worked, especially the editing, truly weak effort overall.",Negative
"I was genuinely blown away by the acting, this thriller exceeded all my expectations.",Positive
"This movie's pacing is a shining example of great filmmaking, absolutely recommended.",Positive
"What a genuinely disappointing war film, the dialogue ruined the whole experience for me.",Negative
"One of the best movies I've seen this year, genuinely incredible cinematography and a moving experience.",Positive
"This movie's script is a shining example of great filmmaking, genuinely recommended.",Positive
"This musical was truly brilliant, the chemistry between the leads kept me hooked from start to finish.",Positive
"This documentary was absolutely disappointing, the visual style felt lazy and uninspired.",Negative
"I loved every minute of this horror film, especially the script which felt so authentic.",Positive
"An emotional rollercoaster with brilliant performance, truly one of my favorite films.",Positive
"This movie's pacing is a perfect example of bad filmmaking, remarkably would not recommend.",Negative
The performance was dreadful and the story dragged on incredibly after a promising start.,Negative
"Terrible crime drama with weak special effects, I couldn't stay engaged for a single scene.",Negative
"Superb musical, the characters was engaging and the ending left me speechless in a good way.",Positive
"Incredible war film with fantastic visual style, I couldn't look away for a single second.",Positive
"The world building in this film is outstanding, every scene felt purposeful and well crafted.",Positive
"An emotional rollercoaster with brilliant acting, genuinely one of my favorite films.",Positive
A wonderfully crafted documentary that shows absolutely real mastery in special effects and storytelling.,Positive
"One of the best movies I've seen this year, wonderfully incredible storyline and a moving experience.",Positive
The world building dragged this crime drama down into something incredibly forgettable and disappointing.,Negative
"This film deserves no praise, the soundtrack was some of the worst I've ever seen.",Negative
The pacing dragged this mystery down into something remarkably forgettable and disappointing.,Negative
The script elevated this action movie into something incredibly special and unforgettable.,Positive
The cinematography was dreadful and the story dragged on remarkably after a promising start.,Negative
"Poorly made romance, the dialogue was executed without any real skill or effort.",Negative
"Superb war film, the world building was engaging and the ending left me speechless in a good way.",Positive
"One of the worst movies I've seen this year, genuinely terrible soundtrack and a boring experience.",Negative
"Incredible animated film with fantastic screenplay, I couldn't look away for a single second.",Positive
"I loved every minute of this comedy, especially the world building which felt so authentic.",Positive
"Terrible crime drama with weak performance, I couldn't stay engaged for a single scene.",Negative
"Superb comedy, the cinematography was engaging and the ending left me speechless in a good way.",Positive
"This movie's plot is a shining example of great filmmaking, absolutely recommended.",Positive
"I hated most of this sci-fi film, especially the direction which felt so fake and forced.",Negative
A wonderfully crafted crime drama that shows wonderfully real mastery in chemistry between the leads and storytelling.,Positive
"Weak mystery, the plot was confusing and the ending left me incredibly annoyed and unsatisfied.",Negative
"Everything about this comedy worked, especially the characters, genuinely impressive work.",Positive
"Incredible horror film with fantastic direction, I couldn't look away for a single second.",Positive
"Incredible sci-fi film with fantastic editing, I couldn't look away for a single second.",Positive
"Poorly made biopic, the plot was executed without any real skill or effort.",Negative
"Nothing about this fantasy film worked, especially the ending, absolutely weak effort overall.",Negative
The world building elevated this musical into something absolutely special and unforgettable.,Positive
The direction was dreadful and the story dragged on truly after a promising start.,Negative
"The special effects in this film is awful, every scene felt pointless and poorly executed.",Negative
The chemistry between the leads was so poorly done that I regretted watching this drama at all.,Negative
A poorly crafted biopic that shows a remarkably lack of effort in plot and storytelling.,Negative
The plot was dreadful and the story dragged on painfully after a promising start.,Negative
"This mystery was truly brilliant, the special effects kept me hooked from start to finish.",Positive
"Beautifully made thriller, the cinematography was executed with remarkably real skill and passion.",Positive
"What a remarkably fantastic biopic, the script was the highlight of my whole week.",Positive
"Superb documentary, the world building was engaging and the ending left me speechless in a good way.",Positive
"One of the worst movies I've seen this year, painfully terrible acting and a boring experience.",Negative
The ending elevated this crime drama into something remarkably special and unforgettable.,Positive
"This movie's world building is a shining example of great filmmaking, wonderfully recommended.",Positive
A wonderfully crafted documentary that shows genuinely real mastery in plot and storytelling.,Positive
"A masterpiece of a fantasy film, the dialogue alone makes it absolutely worth watching multiple times.",Positive
"This movie's chemistry between the leads is a shining example of great filmmaking, wonderfully recommended.",Positive
A poorly crafted horror film that shows a absolutely lack of effort in plot and storytelling.,Negative
"Terrible action movie with weak visual style, I couldn't stay engaged for a single scene.",Negative
"A mess of a horror film, the dialogue alone makes it incredibly not worth watching at all.",Negative
"I was remarkably blown away by the performance, this horror film exceeded all my expectations.",Positive
The screenplay elevated this musical into something incredibly special and unforgettable.,Positive
"Poorly made fantasy film, the chemistry between the leads was executed without any real skill or effort.",Negative
"Weak documentary, the special effects was confusing and the ending left me incredibly annoyed and unsatisfied.",Negative
A poorly crafted war film that shows a truly lack of effort in chemistry between the leads and storytelling.,Negative
"What a wonderfully fantastic fantasy film, the acting was the highlight of my whole week.",Positive
"Weak musical, the special effects was confusing and the ending left me absolutely annoyed and unsatisfied.",Negative
"I loved every minute of this romance, especially the chemistry between the leads which felt so authentic.",Positive
"I hated most of this thriller, especially the cinematography which felt so fake and forced.",Negative
"Weak biopic, the world building was confusing and the ending left me truly annoyed and unsatisfied.",Negative
"I hated most of this sci-fi film, especially the editing which felt so fake and forced.",Negative
"A masterpiece of a action movie, the editing alone makes it wonderfully worth watching multiple times.",Positive
"Nothing about this documentary worked, especially the performance, incredibly weak effort overall.",Negative
"Weak biopic, the special effects was confusing and the ending left me absolutely annoyed and unsatisfied.",Negative
"Everything about this romance worked, especially the script, wonderfully impressive work.",Positive
The characters dragged this fantasy film down into something painfully forgettable and disappointing.,Negative
"What a painfully disappointing comedy, the cinematography ruined the whole experience for me.",Negative
"A mess of a musical, the editing alone makes it absolutely not worth watching at all.",Negative
The ending dragged this musical down into something truly forgettable and disappointing.,Negative
"An emotional rollercoaster with brilliant direction, absolutely one of my favorite films.",Positive
The visual style dragged this animated film down into something painfully forgettable and disappointing.,Negative
The script elevated this documentary into something absolutely special and unforgettable.,Positive
The performance elevated this fantasy film into something absolutely special and unforgettable.,Positive
"A masterpiece of a documentary, the cinematography alone makes it wonderfully worth watching multiple times.",Positive
"An emotional rollercoaster with brilliant visual style, absolutely one of my favorite films.",Positive
"What a genuinely fantastic thriller, the storyline was the highlight of my whole week.",Positive
"What a absolutely fantastic war film, the storyline was the highlight of my whole week.",Positive
The editing was dreadful and the story dragged on genuinely after a promising start.,Negative
"What a remarkably disappointing mystery, the script ruined the whole experience for me.",Negative
"Beautifully made thriller, the chemistry between the leads was executed with genuinely real skill and passion.",Positive
"Nothing about this crime drama worked, especially the world building, absolutely weak effort overall.",Negative
"I was genuinely blown away by the special effects, this mystery exceeded all my expectations.",Positive
The screenplay was phenomenal and the story stayed with me long after the credits rolled.,Positive
"This horror film was absolutely disappointing, the world building felt lazy and uninspired.",Negative
"Everything about this mystery worked, especially the editing, wonderfully impressive work.",Positive
"A masterpiece of a fantasy film, the visual style alone makes it incredibly worth watching multiple times.",Positive
"Nothing about this fantasy film worked, especially the dialogue, remarkably weak effort overall.",Negative
"I hated most of this crime drama, especially the visual style which felt so fake and forced.",Negative
"A mess of a sci-fi film, the chemistry between the leads alone makes it absolutely not worth watching at all.",Negative
"I hated most of this mystery, especially the script which felt so fake and forced.",Negative
"This horror film was remarkably disappointing, the special effects felt lazy and uninspired.",Negative
"A masterpiece of a drama, the soundtrack alone makes it remarkably worth watching multiple times.",Positive
"Incredible horror film with fantastic acting, I couldn't look away for a single second.",Positive
"An emotional rollercoaster with brilliant dialogue, genuinely one of my favorite films.",Positive
The special effects elevated this sci-fi film into something truly special and unforgettable.,Positive
"This movie's soundtrack is a shining example of great filmmaking, absolutely recommended.",Positive
A wonderfully crafted biopic that shows wonderfully real mastery in ending and storytelling.,Positive
The screenplay was so well done that I immediately wanted to watch this crime drama again.,Positive
"I was absolutely let down by the screenplay, this mystery failed to meet even low expectations.",Negative
"What a remarkably fantastic thriller, the direction was the highlight of my whole week.",Positive
The characters was so poorly done that I regretted watching this crime drama at all.,Negative
"This drama was truly disappointing, the direction felt lazy and uninspired.",Negative
"Nothing about this sci-fi film worked, especially the storyline, truly weak effort overall.",Negative
"This movie's plot is a shining example of great filmmaking, wonderfully recommended.",Positive
"A masterpiece of a romance, the dialogue alone makes it absolutely worth watching multiple times.",Positive
"I hated most of this musical, especially the soundtrack which felt so fake and forced.",Negative
"Terrible drama with weak script, I couldn't stay engaged for a single scene.",Negative
"One of the best movies I've seen this year, truly incredible visual style and a moving experience.",Positive
"Terrible comedy with weak special effects, I couldn't stay engaged for a single scene.",Negative
"Everything about this crime drama worked, especially the plot, remarkably impressive work.",Positive
The visual style was so well done that I immediately wanted to watch this animated film again.,Positive
"I was painfully let down by the cinematography, this thriller failed to meet even low expectations.",Negative
"Everything about this horror film worked, especially the dialogue, incredibly impressive work.",Positive
"I was absolutely blown away by the editing, this comedy exceeded all my expectations.",Positive
A wonderfully crafted fantasy film that shows truly real mastery in performance and storytelling.,Positive
"Nothing about this documentary worked, especially the cinematography, painfully weak effort overall.",Negative
"A mess of a thriller, the dialogue alone makes it absolutely not worth watching at all.",Negative
"Everything about this romance worked, especially the script, absolutely impressive work.",Positive
"The plot in this film is awful, every scene felt pointless and poorly executed.",Negative
"This movie's characters is a perfect example of bad filmmaking, genuinely would not recommend.",Negative
"I hated most of this crime drama, especially the editing which felt so fake and forced.",Negative
"I was genuinely blown away by the world building, this romance exceeded all my expectations.",Positive
"Weak romance, the plot was confusing and the ending left me absolutely annoyed and unsatisfied.",Negative
"A frustrating watch with awful soundtrack, truly one of my least favorite films.",Negative
"This movie's storyline is a shining example of great filmmaking, genuinely recommended.",Positive
"Terrible fantasy film with weak soundtrack, I couldn't stay engaged for a single scene.",Negative
"Superb romance, the world building was engaging and the ending left me speechless in a good way.",Positive
"What a wonderfully fantastic comedy, the characters was the highlight of my whole week.",Positive
"The direction in this film is awful, every scene felt pointless and poorly executed.",Negative
"A masterpiece of a biopic, the screenplay alone makes it truly worth watching multiple times.",Positive
"Nothing about this war film worked, especially the special effects, absolutely weak effort overall.",Negative
"Superb action movie, the pacing was engaging and the ending left me speechless in a good way.",Positive
"A mess of a crime drama, the characters alone makes it genuinely not worth watching at all.",Negative
"What a truly disappointing sci-fi film, the direction ruined the whole experience for me.",Negative
"A frustrating watch with awful soundtrack, genuinely one of my least favorite films.",Negative
The pacing was dreadful and the story dragged on incredibly after a promising start.,Negative
The dialogue was dreadful and the story dragged on incredibly after a promising start.,Negative
"Incredible sci-fi film with fantastic chemistry between the leads, I couldn't look away for a single second.",Positive
"I hated most of this horror film, especially the world building which felt so fake and forced.",Negative
A poorly crafted drama that shows a genuinely lack of effort in visual style and storytelling.,Negative
"Terrible biopic with weak script, I couldn't stay engaged for a single scene.",Negative
"This mystery was genuinely brilliant, the world building kept me hooked from start to finish.",Positive
A poorly crafted action movie that shows a remarkably lack of effort in dialogue and storytelling.,Negative
The soundtrack was so well done that I immediately wanted to watch this animated film again.,Positive
"This movie's visual style is a shining example of great filmmaking, absolutely recommended.",Positive
"I loved every minute of this romance, especially the pacing which felt so authentic.",Positive
The editing was so well done that I immediately wanted to watch this drama again.,Positive
"Beautifully made action movie, the chemistry between the leads was executed with absolutely real skill and passion.",Positive
"The world building in this film is awful, every scene felt pointless and poorly executed.",Negative
"Nothing about this mystery worked, especially the visual style, genuinely weak effort overall.",Negative
"Nothing about this crime drama worked, especially the characters, absolutely weak effort overall.",Negative
"Incredible sci-fi film with fantastic direction, I couldn't look away for a single second.",Positive
"Poorly made fantasy film, the special effects was executed without any real skill or effort.",Negative
"Nothing about this romance worked, especially the characters, incredibly weak effort overall.",Negative
"An emotional rollercoaster with brilliant performance, wonderfully one of my favorite films.",Positive
"Terrible fantasy film with weak plot, I couldn't stay engaged for a single scene.",Negative
The performance dragged this comedy down into something truly forgettable and disappointing.,Negative
"What a truly fantastic fantasy film, the chemistry between the leads was the highlight of my whole week.",Positive
"Poorly made action movie, the performance was executed without any real skill or effort.",Negative
"Beautifully made sci-fi film, the performance was executed with absolutely real skill and passion.",Positive
"I was incredibly let down by the pacing, this documentary failed to meet even low expectations.",Negative
"What a truly disappointing animated film, the ending ruined the whole experience for me.",Negative
"This movie's soundtrack is a perfect example of bad filmmaking, absolutely would not recommend.",Negative
"I hated most of this crime drama, especially the script which felt so fake and forced.",Negative
The chemistry between the leads was so well done that I immediately wanted to watch this romance again.,Positive
The chemistry between the leads was dreadful and the story dragged on genuinely after a promising start.,Negative
"This comedy was wonderfully brilliant, the screenplay kept me hooked from start to finish.",Positive
"Superb sci-fi film, the world building was engaging and the ending left me speechless in a good way.",Positive
"Beautifully made mystery, the performance was executed with absolutely real skill and passion.",Positive
"I was wonderfully blown away by the special effects, this thriller exceeded all my expectations.",Positive
"One of the best movies I've seen this year, absolutely incredible special effects and a moving experience.",Positive
The script was so poorly done that I regretted watching this documentary at all.,Negative
"Everything about this horror film worked, especially the direction, incredibly impressive work.",Positive
"Weak crime drama, the pacing was confusing and the ending left me incredibly annoyed and unsatisfied.",Negative
"Nothing about this mystery worked, especially the ending, remarkably weak effort overall.",Negative
"I loved every minute of this fantasy film, especially the characters which felt so authentic.",Positive
"I loved every minute of this sci-fi film, especially the acting which felt so authentic.",Positive
"Terrible biopic with weak cinematography, I couldn't stay engaged for a single scene.",Negative
"Incredible fantasy film with fantastic soundtrack, I couldn't look away for a single second.",Positive
"Nothing about this fantasy film worked, especially the soundtrack, absolutely weak effort overall.",Negative
"This documentary was remarkably disappointing, the screenplay felt lazy and uninspired.",Negative
"A frustrating watch with awful characters, truly one of my least favorite films.",Negative
"What a remarkably disappointing crime drama, the direction ruined the whole experience for me.",Negative
"Nothing about this documentary worked, especially the direction, genuinely weak effort overall.",Negative
"I was incredibly let down by the dialogue, this documentary failed to meet even low expectations.",Negative
"Terrible fantasy film with weak pacing, I couldn't stay engaged for a single scene.",Negative
"A mess of a crime drama, the direction alone makes it remarkably not worth watching at all.",Negative
The visual style was dreadful and the story dragged on absolutely after a promising start.,Negative
"A mess of a documentary, the performance alone makes it genuinely not worth watching at all.",Negative
"Weak romance, the dialogue was confusing and the ending left me genuinely annoyed and unsatisfied.",Negative
The editing was so poorly done that I regretted watching this thriller at all.,Negative
"Nothing about this thriller worked, especially the ending, genuinely weak effort overall.",Negative
"Nothing about this musical worked, especially the special effects, painfully weak effort overall.",Negative
"The ending in this film is awful, every scene felt pointless and poorly executed.",Negative
"Terrible sci-fi film with weak storyline, I couldn't stay engaged for a single scene.",Negative
"An emotional rollercoaster with brilliant acting, absolutely one of my favorite films.",Positive
"A frustrating watch with awful special effects, truly one of my least favorite films.",Negative
The screenplay was so poorly done that I regretted watching this horror film at all.,Negative
A wonderfully crafted comedy that shows incredibly real mastery in direction and storytelling.,Positive
A poorly crafted biopic that shows a incredibly lack of effort in pacing and storytelling.,Negative
The performance was phenomenal and the story stayed with me long after the credits rolled.,Positive
"One of the best movies I've seen this year, absolutely incredible cinematography and a moving experience.",Positive
The performance elevated this animated film into something wonderfully special and unforgettable.,Positive
"One of the best movies I've seen this year, remarkably incredible script and a moving experience.",Positive
"This movie's script is a shining example of great filmmaking, incredibly recommended.",Positive
"Terrible mystery with weak plot, I couldn't stay engaged for a single scene.",Negative
"Weak war film, the direction was confusing and the ending left me incredibly annoyed and unsatisfied.",Negative
"This thriller was remarkably disappointing, the chemistry between the leads felt lazy and uninspired.",Negative
"This biopic was truly brilliant, the world building kept me hooked from start to finish.",Positive
"This biopic was remarkably disappointing, the visual style felt lazy and uninspired.",Negative
"What a incredibly fantastic sci-fi film, the visual style was the highlight of my whole week.",Positive
"Poorly made documentary, the screenplay was executed without any real skill or effort.",Negative
"An emotional rollercoaster with brilliant chemistry between the leads, wonderfully one of my favorite films.",Positive
The world building was phenomenal and the story stayed with me long after the credits rolled.,Positive
"This film deserves no praise, the editing was some of the worst I've ever seen.",Negative
"A frustrating watch with awful world building, genuinely one of my least favorite films.",Negative
"Superb sci-fi film, the soundtrack was engaging and the ending left me speechless in a good way.",Positive
"This movie's world building is a perfect example of bad filmmaking, painfully would not recommend.",Negative
A wonderfully crafted comedy that shows truly real mastery in special effects and storytelling.,Positive
"This movie's acting is a shining example of great filmmaking, incredibly recommended.",Positive
"One of the worst movies I've seen this year, absolutely terrible chemistry between the leads and a boring experience.",Negative
"Terrible romance with weak editing, I couldn't stay engaged for a single scene.",Negative
"Weak biopic, the ending was confusing and the ending left me remarkably annoyed and unsatisfied.",Negative
"One of the best movies I've seen this year, remarkably incredible acting and a moving experience.",Positive
"Nothing about this war film worked, especially the performance, incredibly weak effort overall.",Negative
"One of the best movies I've seen this year, wonderfully incredible dialogue and a moving experience.",Positive
"Nothing about this crime drama worked, especially the storyline, painfully weak effort overall.",Negative
"Nothing about this sci-fi film worked, especially the ending, remarkably weak effort overall.",Negative
"Nothing about this crime drama worked, especially the special effects, painfully weak effort overall.",Negative
"I hated most of this biopic, especially the cinematography which felt so fake and forced.",Negative
"I was genuinely blown away by the dialogue, this war film exceeded all my expectations.",Positive
"This movie's cinematography is a shining example of great filmmaking, wonderfully recommended.",Positive
"Everything about this horror film worked, especially the ending, genuinely impressive work.",Positive
"What a genuinely fantastic documentary, the script was the highlight of my whole week.",Positive
"Everything about this romance worked, especially the direction, remarkably impressive work.",Positive
"Beautifully made documentary, the editing was executed with incredibly real skill and passion.",Positive
"A masterpiece of a horror film, the acting alone makes it remarkably worth watching multiple times.",Positive
The special effects was so poorly done that I regretted watching this sci-fi film at all.,Negative
"Terrible musical with weak soundtrack, I couldn't stay engaged for a single scene.",Negative
"Nothing about this animated film worked, especially the ending, painfully weak effort overall.",Negative
A wonderfully crafted musical that shows truly real mastery in visual style and storytelling.,Positive
"What a absolutely disappointing biopic, the acting ruined the whole experience for me.",Negative
"I hated most of this fantasy film, especially the storyline which felt so fake and forced.",Negative
"Weak documentary, the screenplay was confusing and the ending left me remarkably annoyed and unsatisfied.",Negative
"What a truly disappointing fantasy film, the ending ruined the whole experience for me.",Negative
"A mess of a animated film, the chemistry between the leads alone makes it genuinely not worth watching at all.",Negative
"Everything about this crime drama worked, especially the storyline, absolutely impressive work.",Positive
"Poorly made drama, the soundtrack was executed without any real skill or effort.",Negative
A poorly crafted thriller that shows a painfully lack of effort in soundtrack and storytelling.,Negative
The screenplay elevated this crime drama into something incredibly special and unforgettable.,Positive
"Terrible thriller with weak world building, I couldn't stay engaged for a single scene.",Negative
"What a truly fantastic mystery, the soundtrack was the highlight of my whole week.",Positive
"One of the worst movies I've seen this year, genuinely terrible acting and a boring experience.",Negative
A wonderfully crafted sci-fi film that shows genuinely real mastery in screenplay and storytelling.,Positive
"Weak crime drama, the world building was confusing and the ending left me painfully annoyed and unsatisfied.",Negative
The performance dragged this sci-fi film down into something genuinely forgettable and disappointing.,Negative
"A frustrating watch with awful plot, remarkably one of my least favorite films.",Negative
"Incredible war film with fantastic cinematography, I couldn't look away for a single second.",Positive
The editing was dreadful and the story dragged on absolutely after a promising start.,Negative
"One of the worst movies I've seen this year, absolutely terrible soundtrack and a boring experience.",Negative
The acting dragged this biopic down into something painfully forgettable and disappointing.,Negative
"Weak romance, the screenplay was confusing and the ending left me incredibly annoyed and unsatisfied.",Negative
"A masterpiece of a crime drama, the special effects alone makes it absolutely worth watching multiple times.",Positive
"What a absolutely fantastic mystery, the special effects was the highlight of my whole week.",Positive
"I was remarkably let down by the storyline, this thriller failed to meet even low expectations.",Negative
"A frustrating watch with awful visual style, incredibly one of my least favorite films.",Negative
The special effects was phenomenal and the story stayed with me long after the credits rolled.,Positive
"This movie's storyline is a perfect example of bad filmmaking, remarkably would not recommend.",Negative
"I was absolutely blown away by the storyline, this biopic exceeded all my expectations.",Positive
The chemistry between the leads was so poorly done that I regretted watching this mystery at all.,Negative
The characters was so well done that I immediately wanted to watch this romance again.,Positive
"Weak fantasy film, the characters was confusing and the ending left me truly annoyed and unsatisfied.",Negative
"This movie's performance is a perfect example of bad filmmaking, remarkably would not recommend.",Negative
"A mess of a horror film, the performance alone makes it remarkably not worth watching at all.",Negative
The special effects elevated this fantasy film into something truly special and unforgettable.,Positive
"Poorly made action movie, the characters was executed without any real skill or effort.",Negative
"I hated most of this crime drama, especially the special effects which felt so fake and forced.",Negative
"Nothing about this sci-fi film worked, especially the script, painfully weak effort overall.",Negative
"I hated most of this biopic, especially the dialogue which felt so fake and forced.",Negative
"Terrible action movie with weak plot, I couldn't stay engaged for a single scene.",Negative
"Everything about this thriller worked, especially the plot, absolutely impressive work.",Positive
"I loved every minute of this fantasy film, especially the acting which felt so authentic.",Positive
"This biopic was absolutely brilliant, the direction kept me hooked from start to finish.",Positive
"Superb thriller, the direction was engaging and the ending left me speechless in a good way.",Positive
"Poorly made romance, the ending was executed without any real skill or effort.",Negative
"This film deserves no praise, the performance was some of the worst I've ever seen.",Negative
"Superb mystery, the ending was engaging and the ending left me speechless in a good way.",Positive
"A mess of a action movie, the script alone makes it truly not worth watching at all.",Negative
"This movie's performance is a perfect example of bad filmmaking, truly would not recommend.",Negative
"A mess of a thriller, the screenplay alone makes it genuinely not worth watching at all.",Negative
"Weak musical, the characters was confusing and the ending left me incredibly annoyed and unsatisfied.",Negative
"One of the worst movies I've seen this year, truly terrible world building and a boring experience.",Negative
"A frustrating watch with awful performance, absolutely one of my least favorite films.",Negative
"I was truly let down by the chemistry between the leads, this crime drama failed to meet even low expectations.",Negative
"This movie's soundtrack is a perfect example of bad filmmaking, remarkably would not recommend.",Negative
The cinematography elevated this biopic into something remarkably special and unforgettable.,Positive
"I hated most of this action movie, especially the visual style which felt so fake and forced.",Negative
A poorly crafted documentary that shows a absolutely lack of effort in ending and storytelling.,Negative
A wonderfully crafted documentary that shows incredibly real mastery in characters and storytelling.,Positive
"Nothing about this fantasy film worked, especially the storyline, remarkably weak effort overall.",Negative
"What a painfully disappointing action movie, the screenplay ruined the whole experience for me.",Negative
"I was remarkably let down by the pacing, this crime drama failed to meet even low expectations.",Negative
"I was remarkably blown away by the special effects, this documentary exceeded all my expectations.",Positive
"Nothing about this biopic worked, especially the acting, genuinely weak effort overall.",Negative
"A frustrating watch with awful characters, absolutely one of my least favorite films.",Negative
"I was remarkably blown away by the storyline, this romance exceeded all my expectations.",Positive
"A mess of a drama, the visual style alone makes it truly not worth watching at all.",Negative
The soundtrack elevated this biopic into something incredibly special and unforgettable.,Positive
The visual style was dreadful and the story dragged on truly after a promising start.,Negative
"An emotional rollercoaster with brilliant performance, absolutely one of my favorite films.",Positive
The performance was so well done that I immediately wanted to watch this musical again.,Positive
"Weak sci-fi film, the world building was confusing and the ending left me truly annoyed and unsatisfied.",Negative
"Beautifully made crime drama, the visual style was executed with absolutely real skill and passion.",Positive
"I loved every minute of this fantasy film, especially the world building which felt so authentic.",Positive
"One of the worst movies I've seen this year, remarkably terrible editing and a boring experience.",Negative
A poorly crafted mystery that shows a painfully lack of effort in screenplay and storytelling.,Negative
"A frustrating watch with awful cinematography, truly one of my least favorite films.",Negative
A wonderfully crafted mystery that shows wonderfully real mastery in direction and storytelling.,Positive
"One of the worst movies I've seen this year, remarkably terrible soundtrack and a boring experience.",Negative
"Superb action movie, the performance was engaging and the ending left me speechless in a good way.",Positive
"A masterpiece of a drama, the performance alone makes it incredibly worth watching multiple times.",Positive
The dialogue was so poorly done that I regretted watching this animated film at all.,Negative
"Beautifully made biopic, the pacing was executed with genuinely real skill and passion.",Positive
"What a remarkably disappointing documentary, the chemistry between the leads ruined the whole experience for me.",Negative
The soundtrack elevated this biopic into something genuinely special and unforgettable.,Positive
The cinematography elevated this comedy into something remarkably special and unforgettable.,Positive
A wonderfully crafted thriller that shows wonderfully real mastery in plot and storytelling.,Positive
"Beautifully made horror film, the ending was executed with incredibly real skill and passion.",Positive
"Incredible animated film with fantastic acting, I couldn't look away for a single second.",Positive
A wonderfully crafted musical that shows wonderfully real mastery in screenplay and storytelling.,Positive
A wonderfully crafted horror film that shows incredibly real mastery in acting and storytelling.,Positive
"A frustrating watch with awful characters, genuinely one of my least favorite films.",Negative
"Beautifully made documentary, the special effects was executed with incredibly real skill and passion.",Positive
"Nothing about this crime drama worked, especially the characters, remarkably weak effort overall.",Negative
"Everything about this sci-fi film worked, especially the direction, truly impressive work.",Positive
"I was truly blown away by the characters, this thriller exceeded all my expectations.",Positive
The visual style was so poorly done that I regretted watching this fantasy film at all.,Negative
"Superb animated film, the pacing was engaging and the ending left me speechless in a good way.",Positive
"I was painfully let down by the pacing, this mystery failed to meet even low expectations.",Negative
"A masterpiece of a action movie, the world building alone makes it wonderfully worth watching multiple times.",Positive
"This drama was remarkably disappointing, the screenplay felt lazy and uninspired.",Negative
"One of the best movies I've seen this year, incredibly incredible visual style and a moving experience.",Positive
"One of the worst movies I've seen this year, truly terrible plot and a boring experience.",Negative
"This sci-fi film was incredibly disappointing, the editing felt lazy and uninspired.",Negative
"Nothing about this horror film worked, especially the plot, truly weak effort overall.",Negative
The screenplay was so well done that I immediately wanted to watch this horror film again.,Positive
"Beautifully made fantasy film, the storyline was executed with absolutely real skill and passion.",Positive
"I was genuinely blown away by the editing, this animated film exceeded all my expectations.",Positive
"One of the best movies I've seen this year, genuinely incredible special effects and a moving experience.",Positive
A wonderfully crafted musical that shows incredibly real mastery in performance and storytelling.,Positive
"What a genuinely disappointing comedy, the dialogue ruined the whole experience for me.",Negative
"What a absolutely fantastic drama, the plot was the highlight of my whole week.",Positive
"Superb mystery, the chemistry between the leads was engaging and the ending left me speechless in a good way.",Positive
"An emotional rollercoaster with brilliant world building, incredibly one of my favorite films.",Positive
"A mess of a action movie, the ending alone makes it truly not worth watching at all.",Negative
"Poorly made animated film, the cinematography was executed without any real skill or effort.",Negative
A poorly crafted action movie that shows a truly lack of effort in world building and storytelling.,Negative
"This movie's special effects is a perfect example of bad filmmaking, absolutely would not recommend.",Negative
"Beautifully made musical, the direction was executed with absolutely real skill and passion.",Positive
"This film deserves every award, the ending was some of the best I've ever seen.",Positive
The characters was so poorly done that I regretted watching this sci-fi film at all.,Negative
A wonderfully crafted romance that shows wonderfully real mastery in world building and storytelling.,Positive
The soundtrack dragged this fantasy film down into something remarkably forgettable and disappointing.,Negative
"A mess of a fantasy film, the plot alone makes it painfully not worth watching at all.",Negative
"Weak sci-fi film, the dialogue was confusing and the ending left me truly annoyed and unsatisfied.",Negative
"Beautifully made animated film, the world building was executed with truly real skill and passion.",Positive
"One of the worst movies I've seen this year, incredibly terrible plot and a boring experience.",Negative
"What a remarkably disappointing fantasy film, the dialogue ruined the whole experience for me.",Negative
"Superb musical, the ending was engaging and the ending left me speechless in a good way.",Positive
"A masterpiece of a mystery, the direction alone makes it remarkably worth watching multiple times.",Positive
"This horror film was painfully disappointing, the characters felt lazy and uninspired.",Negative
A poorly crafted war film that shows a absolutely lack of effort in screenplay and storytelling.,Negative
"This drama was genuinely brilliant, the script kept me hooked from start to finish.",Positive
"One of the best movies I've seen this year, remarkably incredible direction and a moving experience.",Positive
A poorly crafted musical that shows a incredibly lack of effort in ending and storytelling.,Negative
"Nothing about this sci-fi film worked, especially the chemistry between the leads, absolutely weak effort overall.",Negative
"What a remarkably disappointing sci-fi film, the screenplay ruined the whole experience for me.",Negative
"I was remarkably blown away by the direction, this drama exceeded all my expectations.",Positive
"A masterpiece of a horror film, the acting alone makes it genuinely worth watching multiple times.",Positive
"One of the worst movies I've seen this year, truly terrible cinematography and a boring experience.",Negative
"A mess of a war film, the chemistry between the leads alone makes it absolutely not worth watching at all.",Negative
"This film deserves no praise, the visual style was some of the worst I've ever seen.",Negative
"This movie's chemistry between the leads is a shining example of great filmmaking, genuinely recommended.",Positive
The storyline elevated this musical into something absolutely special and unforgettable.,Positive
"A mess of a action movie, the pacing alone makes it truly not worth watching at all.",Negative
"This movie's editing is a perfect example of bad filmmaking, painfully would not recommend.",Negative
"Poorly made action movie, the pacing was executed without any real skill or effort.",Negative
"A frustrating watch with awful performance, incredibly one of my least favorite films.",Negative
"Beautifully made thriller, the ending was executed with genuinely real skill and passion.",Positive
"This crime drama was remarkably disappointing, the storyline felt lazy and uninspired.",Negative
"One of the worst movies I've seen this year, genuinely terrible special effects and a boring experience.",Negative
"Weak fantasy film, the acting was confusing and the ending left me truly annoyed and unsatisfied.",Negative
The dialogue dragged this war film down into something genuinely forgettable and disappointing.,Negative
"Nothing about this horror film worked, especially the pacing, truly weak effort overall.",Negative
"I hated most of this war film, especially the direction which felt so fake and forced.",Negative
"A frustrating watch with awful storyline, genuinely one of my least favorite films.",Negative
"Everything about this comedy worked, especially the direction, incredibly impressive work.",Positive
"This comedy was genuinely brilliant, the chemistry between the leads kept me hooked from start to finish.",Positive
"Nothing about this musical worked, especially the script, absolutely weak effort overall.",Negative
"I was remarkably blown away by the chemistry between the leads, this thriller exceeded all my expectations.",Positive
"This movie's chemistry between the leads is a shining example of great filmmaking, truly recommended.",Positive
The script was so well done that I immediately wanted to watch this fantasy film again.,Positive
"Terrible fantasy film with weak chemistry between the leads, I couldn't stay engaged for a single scene.",Negative
"Weak fantasy film, the special effects was confusing and the ending left me remarkably annoyed and unsatisfied.",Negative
"Nothing about this documentary worked, especially the dialogue, genuinely weak effort overall.",Negative
"Poorly made documentary, the plot was executed without any real skill or effort.",Negative
"I hated most of this biopic, especially the soundtrack which felt so fake and forced.",Negative
"One of the best movies I've seen this year, genuinely incredible dialogue and a moving experience.",Positive
"An emotional rollercoaster with brilliant screenplay, truly one of my favorite films.",Positive
"Superb action movie, the special effects was engaging and the ending left me speechless in a good way.",Positive
"What a truly disappointing romance, the acting ruined the whole experience for me.",Negative
"An emotional rollercoaster with brilliant soundtrack, absolutely one of my favorite films.",Positive
"A mess of a documentary, the storyline alone makes it incredibly not worth watching at all.",Negative
"I was remarkably let down by the dialogue, this war film failed to meet even low expectations.",Negative
"This movie's dialogue is a shining example of great filmmaking, wonderfully recommended.",Positive
"This animated film was absolutely brilliant, the performance kept me hooked from start to finish.",Positive
"What a truly fantastic mystery, the special effects was the highlight of my whole week.",Positive
"A masterpiece of a mystery, the ending alone makes it incredibly worth watching multiple times.",Positive
"Superb action movie, the dialogue was engaging and the ending left me speechless in a good way.",Positive
"This movie's acting is a perfect example of bad filmmaking, genuinely would not recommend.",Negative
"I loved every minute of this sci-fi film, especially the special effects which felt so authentic.",Positive
A wonderfully crafted fantasy film that shows absolutely real mastery in editing and storytelling.,Positive
The chemistry between the leads dragged this drama down into something genuinely forgettable and disappointing.,Negative
"A mess of a fantasy film, the dialogue alone makes it truly not worth watching at all.",Negative
"Nothing about this sci-fi film worked, especially the acting, absolutely weak effort overall.",Negative
"What a truly disappointing documentary, the screenplay ruined the whole experience for me.",Negative
"I hated most of this mystery, especially the soundtrack which felt so fake and forced.",Negative
"Everything about this biopic worked, especially the pacing, truly impressive work.",Positive
"The ending in this film is outstanding, every scene felt purposeful and well crafted.",Positive
"A masterpiece of a comedy, the screenplay alone makes it truly worth watching multiple times.",Positive
"Everything about this musical worked, especially the visual style, absolutely impressive work.",Positive
"I was truly blown away by the visual style, this animated film exceeded all my expectations.",Positive
"Superb documentary, the direction was engaging and the ending left me speechless in a good way.",Positive
"Poorly made war film, the chemistry between the leads was executed without any real skill or effort.",Negative
The special effects was dreadful and the story dragged on genuinely after a promising start.,Negative
The special effects was so well done that I immediately wanted to watch this biopic again.,Positive
A poorly crafted comedy that shows a remarkably lack of effort in visual style and storytelling.,Negative
The acting was so well done that I immediately wanted to watch this war film again.,Positive
"Terrible thriller with weak soundtrack, I couldn't stay engaged for a single scene.",Negative
"This movie's plot is a perfect example of bad filmmaking, incredibly would not recommend.",Negative
"Incredible documentary with fantastic ending, I couldn't look away for a single second.",Positive
"Poorly made animated film, the script was executed without any real skill or effort.",Negative
"Superb mystery, the editing was engaging and the ending left me speechless in a good way.",Positive
A wonderfully crafted comedy that shows absolutely real mastery in editing and storytelling.,Positive
"This movie's special effects is a shining example of great filmmaking, wonderfully recommended.",Positive
The soundtrack was so poorly done that I regretted watching this documentary at all.,Negative
The soundtrack was so poorly done that I regretted watching this mystery at all.,Negative
"This action movie was incredibly disappointing, the visual style felt lazy and uninspired.",Negative
"Everything about this action movie worked, especially the acting, truly impressive work.",Positive
"This movie's cinematography is a perfect example of bad filmmaking, incredibly would not recommend.",Negative
The dialogue elevated this thriller into something genuinely special and unforgettable.,Positive
"This film deserves no praise, the ending was some of the worst I've ever seen.",Negative
"A frustrating watch with awful direction, genuinely one of my least favorite films.",Negative
The storyline dragged this action movie down into something painfully forgettable and disappointing.,Negative
"What a incredibly disappointing fantasy film, the performance ruined the whole experience for me.",Negative
"What a incredibly fantastic mystery, the characters was the highlight of my whole week.",Positive
"This movie's performance is a perfect example of bad filmmaking, painfully would not recommend.",Negative
"An emotional rollercoaster with brilliant visual style, genuinely one of my favorite films.",Positive
"Terrible musical with weak editing, I couldn't stay engaged for a single scene.",Negative
"A frustrating watch with awful acting, remarkably one of my least favorite films.",Negative
"Incredible horror film with fantastic plot, I couldn't look away for a single second.",Positive
A poorly crafted animated film that shows a absolutely lack of effort in direction and storytelling.,Negative
"One of the best movies I've seen this year, absolutely incredible visual style and a moving experience.",Positive
"This movie's storyline is a shining example of great filmmaking, incredibly recommended.",Positive
A poorly crafted musical that shows a painfully lack of effort in plot and storytelling.,Negative
The performance was so poorly done that I regretted watching this crime drama at all.,Negative
"A mess of a musical, the script alone makes it absolutely not worth watching at all.",Negative
A wonderfully crafted horror film that shows absolutely real mastery in acting and storytelling.,Positive
"Nothing about this war film worked, especially the editing, remarkably weak effort overall.",Negative
The world building was dreadful and the story dragged on painfully after a promising start.,Negative
"A frustrating watch with awful chemistry between the leads, painfully one of my least favorite films.",Negative
The cinematography elevated this crime drama into something absolutely special and unforgettable.,Positive
"I was truly let down by the characters, this musical failed to meet even low expectations.",Negative
The dialogue was dreadful and the story dragged on painfully after a promising start.,Negative
"Incredible romance with fantastic direction, I couldn't look away for a single second.",Positive
"A mess of a romance, the visual style alone makes it absolutely not worth watching at all.",Negative
"Weak war film, the world building was confusing and the ending left me remarkably annoyed and unsatisfied.",Negative
The screenplay was dreadful and the story dragged on genuinely after a promising start.,Negative
"I hated most of this mystery, especially the plot which felt so fake and forced.",Negative
"This horror film was truly brilliant, the screenplay kept me hooked from start to finish.",Positive
"Everything about this comedy worked, especially the performance, remarkably impressive work.",Positive
"One of the worst movies I've seen this year, absolutely terrible storyline and a boring experience.",Negative
The acting dragged this romance down into something remarkably forgettable and disappointing.,Negative
"Beautifully made mystery, the chemistry between the leads was executed with wonderfully real skill and passion.",Positive
The dialogue was so poorly done that I regretted watching this drama at all.,Negative
"I was truly let down by the script, this fantasy film failed to meet even low expectations.",Negative
"A mess of a musical, the pacing alone makes it absolutely not worth watching at all.",Negative
"This film deserves no praise, the pacing was some of the worst I've ever seen.",Negative
"Terrible horror film with weak pacing, I couldn't stay engaged for a single scene.",Negative
"I loved every minute of this drama, especially the ending which felt so authentic.",Positive
"A mess of a comedy, the soundtrack alone makes it painfully not worth watching at all.",Negative
"One of the worst movies I've seen this year, incredibly terrible soundtrack and a boring experience.",Negative
"Superb crime drama, the direction was engaging and the ending left me speechless in a good way.",Positive
"What a truly disappointing crime drama, the ending ruined the whole experience for me.",Negative
"I was truly blown away by the acting, this romance exceeded all my expectations.",Positive
"I was absolutely let down by the cinematography, this animated film failed to meet even low expectations.",Negative
"Nothing about this romance worked, especially the script, genuinely weak effort overall.",Negative
"I was painfully let down by the script, this animated film failed to meet even low expectations.",Negative
"This movie's pacing is a perfect example of bad filmmaking, genuinely would not recommend.",Negative
"Nothing about this crime drama worked, especially the direction, remarkably weak effort overall.",Negative
"Superb animated film, the chemistry between the leads was engaging and the ending left me speechless in a good way.",Positive
"Beautifully made crime drama, the editing was executed with incredibly real skill and passion.",Positive
The editing was so poorly done that I regretted watching this sci-fi film at all.,Negative
"Incredible drama with fantastic characters, I couldn't look away for a single second.",Positive
"Superb mystery, the cinematography was engaging and the ending left me speechless in a good way.",Positive
"Beautifully made horror film, the ending was executed with wonderfully real skill and passion.",Positive
The script elevated this mystery into something absolutely special and unforgettable.,Positive
"What a incredibly disappointing crime drama, the dialogue ruined the whole experience for me.",Negative
"This movie's script is a perfect example of bad filmmaking, absolutely would not recommend.",Negative
"This sci-fi film was remarkably disappointing, the editing felt lazy and uninspired.",Negative
"This movie's storyline is a perfect example of bad filmmaking, truly would not recommend.",Negative
A poorly crafted horror film that shows a incredibly lack of effort in characters and storytelling.,Negative
The acting was so well done that I immediately wanted to watch this biopic again.,Positive
"What a truly fantastic biopic, the script was the highlight of my whole week.",Positive
The performance was so poorly done that I regretted watching this war film at all.,Negative
"One of the best movies I've seen this year, genuinely incredible direction and a moving experience.",Positive
"A masterpiece of a musical, the plot alone makes it remarkably worth watching multiple times.",Positive
"I loved every minute of this comedy, especially the editing which felt so authentic.",Positive
A wonderfully crafted sci-fi film that shows wonderfully real mastery in plot and storytelling.,Positive
"Terrible documentary with weak screenplay, I couldn't stay engaged for a single scene.",Negative
"A frustrating watch with awful script, truly one of my least favorite films.",Negative
"Everything about this sci-fi film worked, especially the dialogue, truly impressive work.",Positive
"A masterpiece of a musical, the storyline alone makes it genuinely worth watching multiple times.",Positive
"Terrible animated film with weak acting, I couldn't stay engaged for a single scene.",Negative
"A mess of a romance, the dialogue alone makes it incredibly not worth watching at all.",Negative
"Everything about this musical worked, especially the script, absolutely impressive work.",Positive
"What a absolutely disappointing thriller, the acting ruined the whole experience for me.",Negative
The cinematography dragged this crime drama down into something painfully forgettable and disappointing.,Negative
The chemistry between the leads dragged this comedy down into something genuinely forgettable and disappointing.,Negative
"This movie's pacing is a shining example of great filmmaking, truly recommended.",Positive
A wonderfully crafted comedy that shows incredibly real mastery in screenplay and storytelling.,Positive
"Everything about this fantasy film worked, especially the dialogue, wonderfully impressive work.",Positive
"An emotional rollercoaster with brilliant dialogue, absolutely one of my favorite films.",Positive
"One of the worst movies I've seen this year, incredibly terrible ending and a boring experience.",Negative
"Incredible musical with fantastic editing, I couldn't look away for a single second.",Positive
"What a genuinely fantastic war film, the screenplay was the highlight of my whole week.",Positive
"What a remarkably disappointing action movie, the ending ruined the whole experience for me.",Negative
"One of the worst movies I've seen this year, truly terrible performance and a boring experience.",Negative
"I was absolutely let down by the ending, this drama failed to meet even low expectations.",Negative
The cinematography was dreadful and the story dragged on absolutely after a promising start.,Negative
The performance elevated this war film into something remarkably special and unforgettable.,Positive
"I loved every minute of this mystery, especially the world building which felt so authentic.",Positive
"What a wonderfully fantastic documentary, the performance was the highlight of my whole week.",Positive
The storyline was dreadful and the story dragged on painfully after a promising start.,Negative
"Weak fantasy film, the soundtrack was confusing and the ending left me absolutely annoyed and unsatisfied.",Negative
"Beautifully made thriller, the acting was executed with incredibly real skill and passion.",Positive
"Weak musical, the script was confusing and the ending left me incredibly annoyed and unsatisfied.",Negative
The visual style was so poorly done that I regretted watching this musical at all.,Negative
The cinematography dragged this animated film down into something genuinely forgettable and disappointing.,Negative
"An emotional rollercoaster with brilliant editing, genuinely one of my favorite films.",Positive
The editing was so poorly done that I regretted watching this fantasy film at all.,Negative
"This sci-fi film was absolutely brilliant, the cinematography kept me hooked from start to finish.",Positive
"Beautifully made mystery, the world building was executed with wonderfully real skill and passion.",Positive
The direction dragged this horror film down into something genuinely forgettable and disappointing.,Negative
"A mess of a horror film, the storyline alone makes it painfully not worth watching at all.",Negative
The screenplay was so poorly done that I regretted watching this musical at all.,Negative
The visual style elevated this drama into something truly special and unforgettable.,Positive
The storyline was dreadful and the story dragged on absolutely after a promising start.,Negative
"Superb drama, the acting was engaging and the ending left me speechless in a good way.",Positive
The dialogue was so poorly done that I regretted watching this thriller at all.,Negative
"Terrible documentary with weak cinematography, I couldn't stay engaged for a single scene.",Negative
"Beautifully made crime drama, the chemistry between the leads was executed with absolutely real skill and passion.",Positive
"This crime drama was absolutely disappointing, the world building felt lazy and uninspired.",Negative
"Everything about this thriller worked, especially the cinematography, remarkably impressive work.",Positive
A poorly crafted mystery that shows a incredibly lack of effort in pacing and storytelling.,Negative
"What a genuinely disappointing sci-fi film, the screenplay ruined the whole experience for me.",Negative
"A masterpiece of a mystery, the storyline alone makes it remarkably worth watching multiple times.",Positive
The visual style was so well done that I immediately wanted to watch this musical again.,Positive
"This movie's characters is a perfect example of bad filmmaking, absolutely would not recommend.",Negative
"Poorly made animated film, the storyline was executed without any real skill or effort.",Negative
The cinematography elevated this animated film into something incredibly special and unforgettable.,Positive
"The acting in this film is awful, every scene felt pointless and poorly executed.",Negative
"I hated most of this sci-fi film, especially the dialogue which felt so fake and forced.",Negative
A poorly crafted mystery that shows a genuinely lack of effort in performance and storytelling.,Negative
"Nothing about this mystery worked, especially the dialogue, absolutely weak effort overall.",Negative
"Superb biopic, the characters was engaging and the ending left me speechless in a good way.",Positive
"I was incredibly let down by the visual style, this drama failed to meet even low expectations.",Negative
"This comedy was genuinely brilliant, the screenplay kept me hooked from start to finish.",Positive
"Superb thriller, the visual style was engaging and the ending left me speechless in a good way.",Positive
"An emotional rollercoaster with brilliant soundtrack, genuinely one of my favorite films.",Positive
"Nothing about this mystery worked, especially the acting, incredibly weak effort overall.",Negative
"Incredible documentary with fantastic characters, I couldn't look away for a single second.",Positive
"I hated most of this war film, especially the acting which felt so fake and forced.",Negative
"Poorly made romance, the performance was executed without any real skill or effort.",Negative
"Terrible comedy with weak storyline, I couldn't stay engaged for a single scene.",Negative
"What a genuinely fantastic war film, the editing was the highlight of my whole week.",Positive
"An emotional rollercoaster with brilliant dialogue, remarkably one of my favorite films.",Positive
A wonderfully crafted comedy that shows wonderfully real mastery in performance and storytelling.,Positive
A poorly crafted documentary that shows a absolutely lack of effort in plot and storytelling.,Negative
"An emotional rollercoaster with brilliant chemistry between the leads, absolutely one of my favorite films.",Positive
"A frustrating watch with awful acting, genuinely one of my least favorite films.",Negative
"This movie's ending is a perfect example of bad filmmaking, genuinely would not recommend.",Negative
A wonderfully crafted drama that shows truly real mastery in storyline and storytelling.,Positive
"This thriller was genuinely disappointing, the plot felt lazy and uninspired.",Negative
"What a truly disappointing comedy, the screenplay ruined the whole experience for me.",Negative
"What a remarkably fantastic action movie, the direction was the highlight of my whole week.",Positive
"Poorly made sci-fi film, the storyline was executed without any real skill or effort.",Negative
The special effects was dreadful and the story dragged on painfully after a promising start.,Negative
"What a absolutely disappointing documentary, the special effects ruined the whole experience for me.",Negative
A poorly crafted mystery that shows a incredibly lack of effort in storyline and storytelling.,Negative
The screenplay was so well done that I immediately wanted to watch this documentary again.,Positive
"Poorly made drama, the special effects was executed without any real skill or effort.",Negative
"Terrible romance with weak characters, I couldn't stay engaged for a single scene.",Negative
"A frustrating watch with awful script, painfully one of my least favorite films.",Negative
"Terrible musical with weak acting, I couldn't stay engaged for a single scene.",Negative
"What a incredibly fantastic horror film, the ending was the highlight of my whole week.",Positive
"What a genuinely fantastic fantasy film, the soundtrack was the highlight of my whole week.",Positive
"One of the worst movies I've seen this year, truly terrible script and a boring experience.",Negative
The script dragged this documentary down into something painfully forgettable and disappointing.,Negative
"Terrible fantasy film with weak cinematography, I couldn't stay engaged for a single scene.",Negative
"Nothing about this mystery worked, especially the script, incredibly weak effort overall.",Negative
"I was remarkably blown away by the special effects, this horror film exceeded all my expectations.",Positive
"This action movie was painfully disappointing, the ending felt lazy and uninspired.",Negative
"This comedy was remarkably brilliant, the editing kept me hooked from start to finish.",Positive
The visual style elevated this sci-fi film into something absolutely special and unforgettable.,Positive
"I loved every minute of this documentary, especially the screenplay which felt so authentic.",Positive
The direction was so poorly done that I regretted watching this crime drama at all.,Negative
"An emotional rollercoaster with brilliant plot, absolutely one of my favorite films.",Positive
The chemistry between the leads was so well done that I immediately wanted to watch this comedy again.,Positive
"One of the best movies I've seen this year, truly incredible world building and a moving experience.",Positive
"An emotional rollercoaster with brilliant special effects, remarkably one of my favorite films.",Positive
"This movie's soundtrack is a perfect example of bad filmmaking, incredibly would not recommend.",Negative
The screenplay was so poorly done that I regretted watching this documentary at all.,Negative
"I loved every minute of this comedy, especially the direction which felt so authentic.",Positive
"This war film was absolutely brilliant, the direction kept me hooked from start to finish.",Positive
"This horror film was absolutely disappointing, the performance felt lazy and uninspired.",Negative
"A mess of a drama, the soundtrack alone makes it absolutely not worth watching at all.",Negative
"What a truly fantastic horror film, the direction was the highlight of my whole week.",Positive
"Incredible fantasy film with fantastic plot, I couldn't look away for a single second.",Positive
"I loved every minute of this biopic, especially the screenplay which felt so authentic.",Positive
"Incredible drama with fantastic ending, I couldn't look away for a single second.",Positive
"One of the worst movies I've seen this year, genuinely terrible direction and a boring experience.",Negative
"I was truly let down by the screenplay, this documentary failed to meet even low expectations.",Negative
"I was truly let down by the dialogue, this crime drama failed to meet even low expectations.",Negative
"What a remarkably disappointing musical, the performance ruined the whole experience for me.",Negative
The editing elevated this mystery into something remarkably special and unforgettable.,Positive
"What a incredibly disappointing comedy, the soundtrack ruined the whole experience for me.",Negative
A wonderfully crafted thriller that shows wonderfully real mastery in special effects and storytelling.,Positive
A poorly crafted drama that shows a truly lack of effort in editing and storytelling.,Negative
"What a truly fantastic biopic, the world building was the highlight of my whole week.",Positive
"Nothing about this comedy worked, especially the visual style, absolutely weak effort overall.",Negative
The soundtrack was dreadful and the story dragged on genuinely after a promising start.,Negative
"I was wonderfully blown away by the special effects, this documentary exceeded all my expectations.",Positive
"An emotional rollercoaster with brilliant dialogue, incredibly one of my favorite films.",Positive
"Everything about this comedy worked, especially the ending, absolutely impressive work.",Positive
A wonderfully crafted drama that shows wonderfully real mastery in acting and storytelling.,Positive
"What a absolutely fantastic musical, the chemistry between the leads was the highlight of my whole week.",Positive
"I hated most of this horror film, especially the performance which felt so fake and forced.",Negative
The world building elevated this documentary into something absolutely special and unforgettable.,Positive
"What a genuinely fantastic action movie, the direction was the highlight of my whole week.",Positive
"I was absolutely let down by the performance, this musical failed to meet even low expectations.",Negative
"Beautifully made fantasy film, the visual style was executed with incredibly real skill and passion.",Positive
The chemistry between the leads elevated this crime drama into something incredibly special and unforgettable.,Positive
"Everything about this comedy worked, especially the chemistry between the leads, truly impressive work.",Positive
"What a wonderfully fantastic documentary, the world building was the highlight of my whole week.",Positive
A wonderfully crafted drama that shows absolutely real mastery in plot and storytelling.,Positive
"Beautifully made sci-fi film, the world building was executed with truly real skill and passion.",Positive
"I was truly blown away by the visual style, this mystery exceeded all my expectations.",Positive
The acting dragged this comedy down into something genuinely forgettable and disappointing.,Negative
"What a truly disappointing documentary, the plot ruined the whole experience for me.",Negative
"Poorly made war film, the storyline was executed without any real skill or effort.",Negative
"A mess of a mystery, the visual style alone makes it remarkably not worth watching at all.",Negative
"Nothing about this thriller worked, especially the cinematography, incredibly weak effort overall.",Negative
"A frustrating watch with awful plot, absolutely one of my least favorite films.",Negative
"This movie's characters is a shining example of great filmmaking, genuinely recommended.",Positive
"One of the best movies I've seen this year, remarkably incredible visual style and a moving experience.",Positive
"Everything about this animated film worked, especially the cinematography, truly impressive work.",Positive
The pacing was so poorly done that I regretted watching this musical at all.,Negative
"Nothing about this sci-fi film worked, especially the acting, painfully weak effort overall.",Negative
The screenplay dragged this horror film down into something absolutely forgettable and disappointing.,Negative
"I loved every minute of this sci-fi film, especially the pacing which felt so authentic.",Positive
"What a incredibly fantastic fantasy film, the cinematography was the highlight of my whole week.",Positive
"What a genuinely fantastic biopic, the cinematography was the highlight of my whole week.",Positive
"An emotional rollercoaster with brilliant characters, incredibly one of my favorite films.",Positive
A poorly crafted horror film that shows a genuinely lack of effort in screenplay and storytelling.,Negative
"Superb sci-fi film, the screenplay was engaging and the ending left me speechless in a good way.",Positive
The pacing elevated this romance into something incredibly special and unforgettable.,Positive
"This animated film was painfully disappointing, the soundtrack felt lazy and uninspired.",Negative
"What a incredibly disappointing drama, the soundtrack ruined the whole experience for me.",Negative
"This crime drama was painfully disappointing, the pacing felt lazy and uninspired.",Negative
"Everything about this crime drama worked, especially the editing, incredibly impressive work.",Positive
"A mess of a musical, the screenplay alone makes it truly not worth watching at all.",Negative
"Incredible action movie with fantastic special effects, I couldn't look away for a single second.",Positive
"Nothing about this war film worked, especially the pacing, truly weak effort overall.",Negative
"I was remarkably blown away by the screenplay, this war film exceeded all my expectations.",Positive
A wonderfully crafted biopic that shows remarkably real mastery in editing and storytelling.,Positive
"This movie's world building is a perfect example of bad filmmaking, absolutely would not recommend.",Negative
"Nothing about this comedy worked, especially the screenplay, truly weak effort overall.",Negative
"This action movie was wonderfully brilliant, the pacing kept me hooked from start to finish.",Positive
A wonderfully crafted fantasy film that shows incredibly real mastery in screenplay and storytelling.,Positive
A wonderfully crafted documentary that shows incredibly real mastery in cinematography and storytelling.,Positive
"A mess of a action movie, the visual style alone makes it remarkably not worth watching at all.",Negative
"This film deserves every award, the storyline was some of the best I've ever seen.",Positive
"A masterpiece of a action movie, the characters alone makes it wonderfully worth watching multiple times.",Positive
"An emotional rollercoaster with brilliant script, truly one of my favorite films.",Positive
A poorly crafted romance that shows a genuinely lack of effort in storyline and storytelling.,Negative
"This war film was painfully disappointing, the screenplay felt lazy and uninspired.",Negative
"This sci-fi film was incredibly brilliant, the special effects kept me hooked from start to finish.",Positive
A poorly crafted sci-fi film that shows a painfully lack of effort in acting and storytelling.,Negative
The performance was dreadful and the story dragged on genuinely after a promising start.,Negative
"One of the worst movies I've seen this year, absolutely terrible screenplay and a boring experience.",Negative
A poorly crafted sci-fi film that shows a genuinely lack of effort in cinematography and storytelling.,Negative
The ending dragged this war film down into something absolutely forgettable and disappointing.,Negative
"An emotional rollercoaster with brilliant chemistry between the leads, incredibly one of my favorite films.",Positive
"A mess of a drama, the ending alone makes it truly not worth watching at all.",Negative
"What a incredibly fantastic animated film, the soundtrack was the highlight of my whole week.",Positive
"Poorly made documentary, the pacing was executed without any real skill or effort.",Negative
"A mess of a romance, the cinematography alone makes it incredibly not worth watching at all.",Negative
"One of the best movies I've seen this year, absolutely incredible acting and a moving experience.",Positive
"One of the worst movies I've seen this year, painfully terrible direction and a boring experience.",Negative
"One of the best movies I've seen this year, truly incredible cinematography and a moving experience.",Positive
A wonderfully crafted action movie that shows genuinely real mastery in soundtrack and storytelling.,Positive
The acting was so well done that I immediately wanted to watch this horror film again.,Positive
"An emotional rollercoaster with brilliant cinematography, remarkably one of my favorite films.",Positive
The ending was so poorly done that I regretted watching this war film at all.,Negative
"I was genuinely blown away by the plot, this crime drama exceeded all my expectations.",Positive
"I was remarkably let down by the soundtrack, this animated film failed to meet even low expectations.",Negative
"Everything about this comedy worked, especially the ending, genuinely impressive work.",Positive
"Terrible sci-fi film with weak direction, I couldn't stay engaged for a single scene.",Negative
"Nothing about this action movie worked, especially the cinematography, absolutely weak effort overall.",Negative
"This movie's editing is a perfect example of bad filmmaking, remarkably would not recommend.",Negative
"One of the worst movies I've seen this year, genuinely terrible visual style and a boring experience.",Negative
The visual style dragged this biopic down into something truly forgettable and disappointing.,Negative
"Beautifully made mystery, the storyline was executed with incredibly real skill and passion.",Positive
A wonderfully crafted action movie that shows absolutely real mastery in special effects and storytelling.,Positive
"One of the best movies I've seen this year, truly incredible direction and a moving experience.",Positive
"This fantasy film was wonderfully brilliant, the visual style kept me hooked from start to finish.",Positive
The ending was dreadful and the story dragged on painfully after a promising start.,Negative
"A masterpiece of a drama, the ending alone makes it genuinely worth watching multiple times.",Positive
"A frustrating watch with awful plot, truly one of my least favorite films.",Negative
"This movie's storyline is a perfect example of bad filmmaking, incredibly would not recommend.",Negative
"What a wonderfully fantastic crime drama, the editing was the highlight of my whole week.",Positive
"I was incredibly let down by the ending, this fantasy film failed to meet even low expectations.",Negative
"What a remarkably fantastic documentary, the world building was the highlight of my whole week.",Positive
"What a incredibly fantastic animated film, the performance was the highlight of my whole week.",Positive
The editing elevated this fantasy film into something remarkably special and unforgettable.,Positive
A wonderfully crafted comedy that shows incredibly real mastery in storyline and storytelling.,Positive
"A masterpiece of a fantasy film, the cinematography alone makes it wonderfully worth watching multiple times.",Positive
"A masterpiece of a action movie, the cinematography alone makes it truly worth watching multiple times.",Positive
"Superb musical, the screenplay was engaging and the ending left me speechless in a good way.",Positive
"This documentary was truly disappointing, the special effects felt lazy and uninspired.",Negative
The ending elevated this comedy into something truly special and unforgettable.,Positive
"One of the worst movies I've seen this year, absolutely terrible performance and a boring experience.",Negative
The world building was dreadful and the story dragged on remarkably after a promising start.,Negative
"Terrible action movie with weak acting, I couldn't stay engaged for a single scene.",Negative
"Beautifully made biopic, the special effects was executed with incredibly real skill and passion.",Positive
"I loved every minute of this romance, especially the soundtrack which felt so authentic.",Positive
"This romance was remarkably brilliant, the ending kept me hooked from start to finish.",Positive
"Beautifully made musical, the soundtrack was executed with genuinely real skill and passion.",Positive
The special effects was so well done that I immediately wanted to watch this animated film again.,Positive
"A frustrating watch with awful pacing, painfully one of my least favorite films.",Negative
"One of the best movies I've seen this year, truly incredible characters and a moving experience.",Positive
"Weak biopic, the plot was confusing and the ending left me truly annoyed and unsatisfied.",Negative
"Terrible action movie with weak world building, I couldn't stay engaged for a single scene.",Negative
"I was remarkably blown away by the chemistry between the leads, this mystery exceeded all my expectations.",Positive
"I was truly let down by the world building, this documentary failed to meet even low expectations.",Negative
"Everything about this biopic worked, especially the ending, remarkably impressive work.",Positive
"A mess of a war film, the plot alone makes it incredibly not worth watching at all.",Negative
"Superb romance, the editing was engaging and the ending left me speechless in a good way.",Positive
"Poorly made horror film, the soundtrack was executed without any real skill or effort.",Negative
A wonderfully crafted thriller that shows genuinely real mastery in soundtrack and storytelling.,Positive
"I hated most of this documentary, especially the chemistry between the leads which felt so fake and forced.",Negative
A poorly crafted fantasy film that shows a remarkably lack of effort in storyline and storytelling.,Negative
"A mess of a war film, the special effects alone makes it incredibly not worth watching at all.",Negative
"A frustrating watch with awful performance, remarkably one of my least favorite films.",Negative
The screenplay dragged this action movie down into something painfully forgettable and disappointing.,Negative
"What a remarkably fantastic sci-fi film, the screenplay was the highlight of my whole week.",Positive
The cinematography was so poorly done that I regretted watching this drama at all.,Negative
"Nothing about this animated film worked, especially the special effects, genuinely weak effort overall.",Negative
"I was incredibly blown away by the chemistry between the leads, this fantasy film exceeded all my expectations.",Positive
The special effects was dreadful and the story dragged on absolutely after a promising start.,Negative
"What a painfully disappointing horror film, the screenplay ruined the whole experience for me.",Negative
"Superb sci-fi film, the pacing was engaging and the ending left me speechless in a good way.",Positive
A wonderfully crafted documentary that shows remarkably real mastery in performance and storytelling.,Positive
"What a incredibly fantastic mystery, the script was the highlight of my whole week.",Positive
"I loved every minute of this horror film, especially the dialogue which felt so authentic.",Positive
A wonderfully crafted animated film that shows remarkably real mastery in direction and storytelling.,Positive
The plot elevated this mystery into something absolutely special and unforgettable.,Positive
A poorly crafted romance that shows a incredibly lack of effort in screenplay and storytelling.,Negative
"Beautifully made mystery, the pacing was executed with genuinely real skill and passion.",Positive
"This movie's ending is a shining example of great filmmaking, genuinely recommended.",Positive
"Incredible horror film with fantastic characters, I couldn't look away for a single second.",Positive
"One of the worst movies I've seen this year, painfully terrible plot and a boring experience.",Negative
"Incredible documentary with fantastic special effects, I couldn't look away for a single second.",Positive
"What a absolutely fantastic war film, the visual style was the highlight of my whole week.",Positive
"Nothing about this sci-fi film worked, especially the plot, genuinely weak effort overall.",Negative
The soundtrack was dreadful and the story dragged on remarkably after a promising start.,Negative
"Incredible musical with fantastic dialogue, I couldn't look away for a single second.",Positive
"Nothing about this animated film worked, especially the pacing, remarkably weak effort overall.",Negative
A wonderfully crafted horror film that shows incredibly real mastery in ending and storytelling.,Positive
"I hated most of this documentary, especially the screenplay which felt so fake and forced.",Negative
The chemistry between the leads elevated this action movie into something remarkably special and unforgettable.,Positive
"Everything about this fantasy film worked, especially the storyline, absolutely impressive work.",Positive
"This crime drama was truly disappointing, the special effects felt lazy and uninspired.",Negative
"What a genuinely fantastic mystery, the world building was the highlight of my whole week.",Positive
"Beautifully made crime drama, the visual style was executed with remarkably real skill and passion.",Positive
"Everything about this animated film worked, especially the pacing, wonderfully impressive work.",Positive
"This musical was genuinely brilliant, the pacing kept me hooked from start to finish.",Positive
"The plot in this film is outstanding, every scene felt purposeful and well crafted.",Positive
"A frustrating watch with awful editing, genuinely one of my least favorite films.",Negative
The world building was so well done that I immediately wanted to watch this action movie again.,Positive
"A masterpiece of a fantasy film, the chemistry between the leads alone makes it remarkably worth watching multiple times.",Positive
"A mess of a biopic, the ending alone makes it absolutely not worth watching at all.",Negative
"Terrible crime drama with weak ending, I couldn't stay engaged for a single scene.",Negative
"Everything about this horror film worked, especially the direction, wonderfully impressive work.",Positive
"A mess of a horror film, the pacing alone makes it remarkably not worth watching at all.",Negative
"A frustrating watch with awful chemistry between the leads, remarkably one of my least favorite films.",Negative
"One of the best movies I've seen this year, genuinely incredible world building and a moving experience.",Positive
"A mess of a animated film, the storyline alone makes it incredibly not worth watching at all.",Negative
"An emotional rollercoaster with brilliant dialogue, truly one of my favorite films.",Positive
"Nothing about this crime drama worked, especially the cinematography, remarkably weak effort overall.",Negative
"Everything about this fantasy film worked, especially the script, absolutely impressive work.",Positive
A poorly crafted romance that shows a painfully lack of effort in characters and storytelling.,Negative
"Poorly made fantasy film, the dialogue was executed without any real skill or effort.",Negative
"A frustrating watch with awful plot, incredibly one of my least favorite films.",Negative
"This documentary was painfully disappointing, the direction felt lazy and uninspired.",Negative
"I was genuinely blown away by the soundtrack, this fantasy film exceeded all my expectations.",Positive
"Terrible drama with weak soundtrack, I couldn't stay engaged for a single scene.",Negative
The performance was dreadful and the story dragged on remarkably after a promising start.,Negative
"This crime drama was truly brilliant, the ending kept me hooked from start to finish.",Positive
The storyline was so well done that I immediately wanted to watch this animated film again.,Positive
"Weak comedy, the chemistry between the leads was confusing and the ending left me absolutely annoyed and unsatisfied.",Negative
The performance dragged this action movie down into something painfully forgettable and disappointing.,Negative
"Superb horror film, the script was engaging and the ending left me speechless in a good way.",Positive
"Terrible crime drama with weak characters, I couldn't stay engaged for a single scene.",Negative
"I was absolutely blown away by the dialogue, this romance exceeded all my expectations.",Positive
"A mess of a romance, the characters alone makes it truly not worth watching at all.",Negative
"Nothing about this crime drama worked, especially the editing, remarkably weak effort overall.",Negative
"Superb thriller, the screenplay was engaging and the ending left me speechless in a good way.",Positive
"Poorly made fantasy film, the visual style was executed without any real skill or effort.",Negative
The pacing elevated this romance into something remarkably special and unforgettable.,Positive
The cinematography dragged this documentary down into something remarkably forgettable and disappointing.,Negative
"Everything about this musical worked, especially the chemistry between the leads, incredibly impressive work.",Positive
"What a truly disappointing war film, the screenplay ruined the whole experience for me.",Negative
"Weak war film, the plot was confusing and the ending left me remarkably annoyed and unsatisfied.",Negative
The dialogue was so poorly done that I regretted watching this horror film at all.,Negative
"Everything about this biopic worked, especially the chemistry between the leads, truly impressive work.",Positive
"Incredible comedy with fantastic soundtrack, I couldn't look away for a single second.",Positive
"Superb animated film, the ending was engaging and the ending left me speechless in a good way.",Positive
The direction was dreadful and the story dragged on painfully after a promising start.,Negative
"I hated most of this war film, especially the chemistry between the leads which felt so fake and forced.",Negative
The acting was dreadful and the story dragged on truly after a promising start.,Negative
"I was wonderfully blown away by the storyline, this thriller exceeded all my expectations.",Positive
"Weak biopic, the pacing was confusing and the ending left me genuinely annoyed and unsatisfied.",Negative
A wonderfully crafted romance that shows incredibly real mastery in direction and storytelling.,Positive
"I was remarkably let down by the world building, this documentary failed to meet even low expectations.",Negative
"Poorly made sci-fi film, the soundtrack was executed without any real skill or effort.",Negative
"One of the worst movies I've seen this year, incredibly terrible performance and a boring experience.",Negative
"A mess of a romance, the ending alone makes it truly not worth watching at all.",Negative
"Poorly made biopic, the ending was executed without any real skill or effort.",Negative
"This sci-fi film was painfully disappointing, the visual style felt lazy and uninspired.",Negative
"An emotional rollercoaster with brilliant ending, remarkably one of my favorite films.",Positive
A wonderfully crafted documentary that shows genuinely real mastery in acting and storytelling.,Positive
"Superb drama, the screenplay was engaging and the ending left me speechless in a good way.",Positive
"Poorly made comedy, the script was executed without any real skill or effort.",Negative
"Beautifully made horror film, the world building was executed with wonderfully real skill and passion.",Positive
"This movie's characters is a shining example of great filmmaking, wonderfully recommended.",Positive
"I was incredibly blown away by the storyline, this drama exceeded all my expectations.",Positive
"This biopic was remarkably brilliant, the world building kept me hooked from start to finish.",Positive
"Everything about this musical worked, especially the plot, absolutely impressive work.",Positive
"I loved every minute of this documentary, especially the ending which felt so authentic.",Positive
"I hated most of this romance, especially the ending which felt so fake and forced.",Negative
"I was genuinely blown away by the cinematography, this sci-fi film exceeded all my expectations.",Positive
"Poorly made crime drama, the ending was executed without any real skill or effort.",Negative
"This movie's dialogue is a perfect example of bad filmmaking, incredibly would not recommend.",Negative
"Superb war film, the dialogue was engaging and the ending left me speechless in a good way.",Positive
"Nothing about this war film worked, especially the dialogue, incredibly weak effort overall.",Negative
A wonderfully crafted horror film that shows wonderfully real mastery in script and storytelling.,Positive
"Everything about this crime drama worked, especially the script, wonderfully impressive work.",Positive
"Nothing about this horror film worked, especially the world building, incredibly weak effort overall.",Negative
"Terrible sci-fi film with weak script, I couldn't stay engaged for a single scene.",Negative
"A mess of a musical, the ending alone makes it truly not worth watching at all.",Negative
"Nothing about this biopic worked, especially the dialogue, absolutely weak effort overall.",Negative
"The direction in this film is outstanding, every scene felt purposeful and well crafted.",Positive
"Everything about this action movie worked, especially the script, wonderfully impressive work.",Positive
"A masterpiece of a drama, the special effects alone makes it wonderfully worth watching multiple times.",Positive
"What a genuinely fantastic action movie, the editing was the highlight of my whole week.",Positive
A poorly crafted drama that shows a genuinely lack of effort in ending and storytelling.,Negative
"I was incredibly let down by the performance, this romance failed to meet even low expectations.",Negative
"This animated film was remarkably brilliant, the cinematography kept me hooked from start to finish.",Positive
"One of the worst movies I've seen this year, incredibly terrible editing and a boring experience.",Negative
"Everything about this action movie worked, especially the storyline, genuinely impressive work.",Positive
"One of the best movies I've seen this year, absolutely incredible editing and a moving experience.",Positive
"I hated most of this animated film, especially the dialogue which felt so fake and forced.",Negative
"I was absolutely let down by the chemistry between the leads, this sci-fi film failed to meet even low expectations.",Negative
"Beautifully made action movie, the characters was executed with genuinely real skill and passion.",Positive
A poorly crafted musical that shows a remarkably lack of effort in characters and storytelling.,Negative
"Beautifully made horror film, the world building was executed with genuinely real skill and passion.",Positive
"Incredible mystery with fantastic editing, I couldn't look away for a single second.",Positive
"I was painfully let down by the pacing, this sci-fi film failed to meet even low expectations.",Negative
"What a remarkably disappointing documentary, the performance ruined the whole experience for me.",Negative
"Beautifully made horror film, the soundtrack was executed with genuinely real skill and passion.",Positive
"I hated most of this romance, especially the screenplay which felt so fake and forced.",Negative
"This war film was incredibly brilliant, the performance kept me hooked from start to finish.",Positive
"Incredible romance with fantastic special effects, I couldn't look away for a single second.",Positive
"A mess of a action movie, the screenplay alone makes it truly not worth watching at all.",Negative
"This drama was wonderfully brilliant, the pacing kept me hooked from start to finish.",Positive
"A masterpiece of a biopic, the world building alone makes it truly worth watching multiple times.",Positive
"A frustrating watch with awful ending, painfully one of my least favorite films.",Negative
"What a incredibly fantastic documentary, the special effects was the highlight of my whole week.",Positive
"One of the best movies I've seen this year, genuinely incredible characters and a moving experience.",Positive
"I was truly blown away by the editing, this animated film exceeded all my expectations.",Positive
"A masterpiece of a fantasy film, the world building alone makes it genuinely worth watching multiple times.",Positive
"An emotional rollercoaster with brilliant acting, remarkably one of my favorite films.",Positive
"I was incredibly blown away by the pacing, this crime drama exceeded all my expectations.",Positive
A poorly crafted animated film that shows a truly lack of effort in pacing and storytelling.,Negative
"I hated most of this crime drama, especially the world building which felt so fake and forced.",Negative
"Beautifully made musical, the acting was executed with incredibly real skill and passion.",Positive
"Everything about this action movie worked, especially the ending, remarkably impressive work.",Positive
"What a truly fantastic documentary, the special effects was the highlight of my whole week.",Positive
"An emotional rollercoaster with brilliant script, absolutely one of my favorite films.",Positive
"I was wonderfully blown away by the editing, this documentary exceeded all my expectations.",Positive
"This movie's editing is a shining example of great filmmaking, remarkably recommended.",Positive
"A frustrating watch with awful ending, absolutely one of my least favorite films.",Negative
"Weak action movie, the acting was confusing and the ending left me painfully annoyed and unsatisfied.",Negative
A wonderfully crafted documentary that shows absolutely real mastery in plot and storytelling.,Positive
"I hated most of this horror film, especially the editing which felt so fake and forced.",Negative
The acting elevated this musical into something truly special and unforgettable.,Positive
"A masterpiece of a mystery, the acting alone makes it truly worth watching multiple times.",Positive
The pacing was so well done that I immediately wanted to watch this fantasy film again.,Positive
"Nothing about this documentary worked, especially the cinematography, remarkably weak effort overall.",Negative
The script elevated this mystery into something remarkably special and unforgettable.,Positive
"Everything about this action movie worked, especially the script, truly impressive work.",Positive
"What a genuinely disappointing horror film, the chemistry between the leads ruined the whole experience for me.",Negative
A poorly crafted sci-fi film that shows a painfully lack of effort in soundtrack and storytelling.,Negative
"This film deserves no praise, the cinematography was some of the worst I've ever seen.",Negative
"This war film was wonderfully brilliant, the editing kept me hooked from start to finish.",Positive
"A frustrating watch with awful acting, incredibly one of my least favorite films.",Negative
A wonderfully crafted musical that shows genuinely real mastery in cinematography and storytelling.,Positive
"Superb musical, the plot was engaging and the ending left me speechless in a good way.",Positive
"This movie's storyline is a shining example of great filmmaking, truly recommended.",Positive
"I was wonderfully blown away by the soundtrack, this biopic exceeded all my expectations.",Positive
The dialogue elevated this musical into something incredibly special and unforgettable.,Positive
"This action movie was remarkably brilliant, the storyline kept me hooked from start to finish.",Positive
"A masterpiece of a biopic, the plot alone makes it absolutely worth watching multiple times.",Positive
"I was incredibly blown away by the chemistry between the leads, this comedy exceeded all my expectations.",Positive
"What a incredibly disappointing musical, the soundtrack ruined the whole experience for me.",Negative
"Weak drama, the dialogue was confusing and the ending left me genuinely annoyed and unsatisfied.",Negative
"I was wonderfully blown away by the chemistry between the leads, this animated film exceeded all my expectations.",Positive
"This horror film was truly disappointing, the performance felt lazy and uninspired.",Negative
The special effects was so poorly done that I regretted watching this action movie at all.,Negative
"A masterpiece of a drama, the characters alone makes it remarkably worth watching multiple times.",Positive
"Superb romance, the soundtrack was engaging and the ending left me speechless in a good way.",Positive
"I was painfully let down by the dialogue, this sci-fi film failed to meet even low expectations.",Negative
The world building elevated this comedy into something absolutely special and unforgettable.,Positive
"Beautifully made mystery, the cinematography was executed with genuinely real skill and passion.",Positive
"Weak documentary, the dialogue was confusing and the ending left me painfully annoyed and unsatisfied.",Negative
"Everything about this mystery worked, especially the soundtrack, truly impressive work.",Positive
"A masterpiece of a horror film, the storyline alone makes it absolutely worth watching multiple times.",Positive
The plot elevated this war film into something absolutely special and unforgettable.,Positive
"Everything about this crime drama worked, especially the characters, remarkably impressive work.",Positive
"Poorly made thriller, the acting was executed without any real skill or effort.",Negative
"Incredible documentary with fantastic soundtrack, I couldn't look away for a single second.",Positive
"This action movie was remarkably disappointing, the storyline felt lazy and uninspired.",Negative
"Poorly made animated film, the characters was executed without any real skill or effort.",Negative
"This musical was incredibly disappointing, the direction felt lazy and uninspired.",Negative
"I loved every minute of this biopic, especially the acting which felt so authentic.",Positive
The special effects dragged this action movie down into something remarkably forgettable and disappointing.,Negative
"What a remarkably fantastic horror film, the ending was the highlight of my whole week.",Positive
"This war film was genuinely brilliant, the editing kept me hooked from start to finish.",Positive
A wonderfully crafted fantasy film that shows truly real mastery in chemistry between the leads and storytelling.,Positive
"What a incredibly disappointing horror film, the special effects ruined the whole experience for me.",Negative
"I was incredibly blown away by the dialogue, this romance exceeded all my expectations.",Positive
"I was remarkably blown away by the plot, this action movie exceeded all my expectations.",Positive
"Beautifully made war film, the script was executed with wonderfully real skill and passion.",Positive
"I hated most of this crime drama, especially the acting which felt so fake and forced.",Negative
"Nothing about this horror film worked, especially the ending, incredibly weak effort overall.",Negative
"Beautifully made thriller, the characters was executed with wonderfully real skill and passion.",Positive
"I was genuinely let down by the pacing, this war film failed to meet even low expectations.",Negative
The plot elevated this sci-fi film into something remarkably special and unforgettable.,Positive
"This horror film was incredibly disappointing, the plot felt lazy and uninspired.",Negative
"A mess of a animated film, the editing alone makes it absolutely not worth watching at all.",Negative
"Incredible mystery with fantastic visual style, I couldn't look away for a single second.",Positive
"Weak war film, the characters was confusing and the ending left me incredibly annoyed and unsatisfied.",Negative
"This movie's cinematography is a shining example of great filmmaking, incredibly recommended.",Positive
"Weak documentary, the characters was confusing and the ending left me remarkably annoyed and unsatisfied.",Negative
"I was incredibly let down by the editing, this romance failed to meet even low expectations.",Negative
"What a remarkably disappointing war film, the editing ruined the whole experience for me.",Negative
"What a truly disappointing crime drama, the visual style ruined the whole experience for me.",Negative
"What a remarkably disappointing thriller, the world building ruined the whole experience for me.",Negative
The dialogue dragged this fantasy film down into something absolutely forgettable and disappointing.,Negative
The special effects was dreadful and the story dragged on remarkably after a promising start.,Negative
"What a genuinely fantastic horror film, the special effects was the highlight of my whole week.",Positive
The world building elevated this mystery into something truly special and unforgettable.,Positive
"I was genuinely blown away by the storyline, this comedy exceeded all my expectations.",Positive
"What a genuinely fantastic drama, the acting was the highlight of my whole week.",Positive
"Nothing about this documentary worked, especially the screenplay, genuinely weak effort overall.",Negative
"A frustrating watch with awful direction, truly one of my least favorite films.",Negative
"I was remarkably let down by the dialogue, this drama failed to meet even low expectations.",Negative
"This musical was remarkably disappointing, the acting felt lazy and uninspired.",Negative
The storyline elevated this action movie into something truly special and unforgettable.,Positive
The soundtrack dragged this war film down into something genuinely forgettable and disappointing.,Negative
"One of the worst movies I've seen this year, truly terrible chemistry between the leads and a boring experience.",Negative
"What a genuinely fantastic war film, the storyline was the highlight of my whole week.",Positive
"Incredible action movie with fantastic editing, I couldn't look away for a single second.",Positive
"This comedy was truly disappointing, the soundtrack felt lazy and uninspired.",Negative
"I was absolutely blown away by the acting, this war film exceeded all my expectations.",Positive
"This musical was genuinely disappointing, the direction felt lazy and uninspired.",Negative
"Nothing about this biopic worked, especially the screenplay, incredibly weak effort overall.",Negative
"An emotional rollercoaster with brilliant direction, genuinely one of my favorite films.",Positive
"A mess of a comedy, the editing alone makes it absolutely not worth watching at all.",Negative
"I was wonderfully blown away by the ending, this sci-fi film exceeded all my expectations.",Positive
"What a truly fantastic action movie, the acting was the highlight of my whole week.",Positive
"This movie's characters is a perfect example of bad filmmaking, painfully would not recommend.",Negative
"I hated most of this romance, especially the world building which felt so fake and forced.",Negative
"What a absolutely disappointing fantasy film, the chemistry between the leads ruined the whole experience for me.",Negative
A wonderfully crafted documentary that shows genuinely real mastery in cinematography and storytelling.,Positive
"This movie's script is a perfect example of bad filmmaking, remarkably would not recommend.",Negative
"I was remarkably let down by the storyline, this crime drama failed to meet even low expectations.",Negative
"A masterpiece of a crime drama, the pacing alone makes it absolutely worth watching multiple times.",Positive
A poorly crafted musical that shows a remarkably lack of effort in performance and storytelling.,Negative
"One of the worst movies I've seen this year, genuinely terrible cinematography and a boring experience.",Negative
A wonderfully crafted documentary that shows remarkably real mastery in characters and storytelling.,Positive
"A mess of a horror film, the soundtrack alone makes it painfully not worth watching at all.",Negative
"This animated film was incredibly brilliant, the acting kept me hooked from start to finish.",Positive
"Incredible sci-fi film with fantastic dialogue, I couldn't look away for a single second.",Positive
"A masterpiece of a musical, the storyline alone makes it absolutely worth watching multiple times.",Positive
The direction dragged this biopic down into something painfully forgettable and disappointing.,Negative
A poorly crafted sci-fi film that shows a absolutely lack of effort in special effects and storytelling.,Negative
The direction elevated this horror film into something incredibly special and unforgettable.,Positive
"This movie's chemistry between the leads is a perfect example of bad filmmaking, truly would not recommend.",Negative
"One of the worst movies I've seen this year, remarkably terrible screenplay and a boring experience.",Negative
"A masterpiece of a musical, the world building alone makes it wonderfully worth watching multiple times.",Positive
"I was wonderfully blown away by the soundtrack, this drama exceeded all my expectations.",Positive
"Weak action movie, the special effects was confusing and the ending left me truly annoyed and unsatisfied.",Negative
"A masterpiece of a horror film, the direction alone makes it absolutely worth watching multiple times.",Positive
"A frustrating watch with awful direction, incredibly one of my least favorite films.",Negative
The world building was so well done that I immediately wanted to watch this animated film again.,Positive
"Incredible thriller with fantastic plot, I couldn't look away for a single second.",Positive
The direction was so poorly done that I regretted watching this biopic at all.,Negative
The plot was so poorly done that I regretted watching this animated film at all.,Negative
The characters dragged this comedy down into something incredibly forgettable and disappointing.,Negative
"I was painfully let down by the chemistry between the leads, this mystery failed to meet even low expectations.",Negative
"This thriller was incredibly disappointing, the cinematography felt lazy and uninspired.",Negative
"I was remarkably let down by the soundtrack, this romance failed to meet even low expectations.",Negative
"What a incredibly fantastic sci-fi film, the chemistry between the leads was the highlight of my whole week.",Positive
"Beautifully made sci-fi film, the performance was executed with truly real skill and passion.",Positive
"I was genuinely let down by the performance, this war film failed to meet even low expectations.",Negative
"I was incredibly blown away by the script, this sci-fi film exceeded all my expectations.",Positive
"A mess of a mystery, the chemistry between the leads alone makes it painfully not worth watching at all.",Negative
"One of the best movies I've seen this year, wonderfully incredible plot and a moving experience.",Positive
"What a truly fantastic musical, the visual style was the highlight of my whole week.",Positive
"A masterpiece of a animated film, the characters alone makes it genuinely worth watching multiple times.",Positive
A poorly crafted sci-fi film that shows a remarkably lack of effort in direction and storytelling.,Negative
The ending was dreadful and the story dragged on incredibly after a promising start.,Negative
"One of the best movies I've seen this year, remarkably incredible storyline and a moving experience.",Positive
"A masterpiece of a mystery, the soundtrack alone makes it truly worth watching multiple times.",Positive
The special effects was so poorly done that I regretted watching this comedy at all.,Negative
A poorly crafted drama that shows a truly lack of effort in dialogue and storytelling.,Negative
The chemistry between the leads was dreadful and the story dragged on truly after a promising start.,Negative
"I hated most of this comedy, especially the script which felt so fake and forced.",Negative
"I was genuinely blown away by the plot, this animated film exceeded all my expectations.",Positive
"Poorly made mystery, the plot was executed without any real skill or effort.",Negative
"Nothing about this musical worked, especially the plot, incredibly weak effort overall.",Negative
"This mystery was truly disappointing, the direction felt lazy and uninspired.",Negative
The cinematography was so well done that I immediately wanted to watch this sci-fi film again.,Positive
"What a genuinely fantastic thriller, the direction was the highlight of my whole week.",Positive
"Superb war film, the script was engaging and the ending left me speechless in a good way.",Positive
"This movie's ending is a shining example of great filmmaking, incredibly recommended.",Positive
"A masterpiece of a horror film, the direction alone makes it genuinely worth watching multiple times.",Positive
"I hated most of this animated film, especially the direction which felt so fake and forced.",Negative
"This thriller was painfully disappointing, the world building felt lazy and uninspired.",Negative
"I was remarkably let down by the cinematography, this sci-fi film failed to meet even low expectations.",Negative
"This drama was truly brilliant, the plot kept me hooked from start to finish.",Positive
"Poorly made animated film, the pacing was executed without any real skill or effort.",Negative
"Incredible comedy with fantastic visual style, I couldn't look away for a single second.",Positive
"Everything about this fantasy film worked, especially the special effects, wonderfully impressive work.",Positive
"Poorly made action movie, the dialogue was executed without any real skill or effort.",Negative
A poorly crafted war film that shows a genuinely lack of effort in plot and storytelling.,Negative
"What a absolutely disappointing horror film, the visual style ruined the whole experience for me.",Negative
"What a wonderfully fantastic thriller, the ending was the highlight of my whole week.",Positive
"Superb romance, the pacing was engaging and the ending left me speechless in a good way.",Positive
"Nothing about this biopic worked, especially the world building, painfully weak effort overall.",Negative
"A masterpiece of a sci-fi film, the plot alone makes it incredibly worth watching multiple times.",Positive
"Poorly made comedy, the chemistry between the leads was executed without any real skill or effort.",Negative
A poorly crafted musical that shows a remarkably lack of effort in plot and storytelling.,Negative
"I was wonderfully blown away by the soundtrack, this mystery exceeded all my expectations.",Positive
"I hated most of this action movie, especially the characters which felt so fake and forced.",Negative
"Poorly made thriller, the storyline was executed without any real skill or effort.",Negative
A wonderfully crafted romance that shows genuinely real mastery in visual style and storytelling.,Positive
"I was absolutely blown away by the characters, this musical exceeded all my expectations.",Positive
"I was absolutely let down by the script, this drama failed to meet even low expectations.",Negative
"One of the best movies I've seen this year, genuinely incredible plot and a moving experience.",Positive
"A frustrating watch with awful pacing, incredibly one of my least favorite films.",Negative
"An emotional rollercoaster with brilliant visual style, incredibly one of my favorite films.",Positive
"I hated most of this documentary, especially the special effects which felt so fake and forced.",Negative
A poorly crafted crime drama that shows a remarkably lack of effort in cinematography and storytelling.,Negative
"I hated most of this drama, especially the screenplay which felt so fake and forced.",Negative
"I was truly blown away by the screenplay, this musical exceeded all my expectations.",Positive
A poorly crafted mystery that shows a absolutely lack of effort in soundtrack and storytelling.,Negative
A poorly crafted fantasy film that shows a incredibly lack of effort in dialogue and storytelling.,Negative
"I loved every minute of this sci-fi film, especially the direction which felt so authentic.",Positive
A wonderfully crafted comedy that shows genuinely real mastery in soundtrack and storytelling.,Positive
"A mess of a comedy, the dialogue alone makes it incredibly not worth watching at all.",Negative
"A masterpiece of a thriller, the world building alone makes it truly worth watching multiple times.",Positive
"What a wonderfully fantastic drama, the editing was the highlight of my whole week.",Positive
"I loved every minute of this fantasy film, especially the script which felt so authentic.",Positive
The visual style was so poorly done that I regretted watching this horror film at all.,Negative
"A frustrating watch with awful visual style, absolutely one of my least favorite films.",Negative
"Incredible mystery with fantastic performance, I couldn't look away for a single second.",Positive
"A frustrating watch with awful visual style, painfully one of my least favorite films.",Negative
"A mess of a drama, the editing alone makes it genuinely not worth watching at all.",Negative
"I hated most of this romance, especially the pacing which felt so fake and forced.",Negative
"Beautifully made horror film, the screenplay was executed with genuinely real skill and passion.",Positive
A wonderfully crafted documentary that shows genuinely real mastery in editing and storytelling.,Positive
"Nothing about this biopic worked, especially the script, absolutely weak effort overall.",Negative
"Terrible fantasy film with weak editing, I couldn't stay engaged for a single scene.",Negative
"I was incredibly blown away by the special effects, this comedy exceeded all my expectations.",Positive
"Incredible thriller with fantastic performance, I couldn't look away for a single second.",Positive
The characters was so poorly done that I regretted watching this horror film at all.,Negative
"A masterpiece of a mystery, the dialogue alone makes it genuinely worth watching multiple times.",Positive
"What a truly disappointing biopic, the visual style ruined the whole experience for me.",Negative
"One of the best movies I've seen this year, wonderfully incredible pacing and a moving experience.",Positive
The soundtrack dragged this action movie down into something remarkably forgettable and disappointing.,Negative
The characters elevated this crime drama into something truly special and unforgettable.,Positive
"I hated most of this horror film, especially the visual style which felt so fake and forced.",Negative
"A masterpiece of a crime drama, the direction alone makes it truly worth watching multiple times.",Positive
The characters dragged this mystery down into something truly forgettable and disappointing.,Negative
"What a genuinely fantastic animated film, the chemistry between the leads was the highlight of my whole week.",Positive
"Everything about this sci-fi film worked, especially the dialogue, incredibly impressive work.",Positive
A wonderfully crafted musical that shows wonderfully real mastery in pacing and storytelling.,Positive
"What a absolutely fantastic drama, the special effects was the highlight of my whole week.",Positive
"Nothing about this war film worked, especially the visual style, absolutely weak effort overall.",Negative
"Everything about this war film worked, especially the script, truly impressive work.",Positive
"A masterpiece of a fantasy film, the editing alone makes it absolutely worth watching multiple times.",Positive
"One of the best movies I've seen this year, truly incredible pacing and a moving experience.",Positive
"This movie's performance is a shining example of great filmmaking, genuinely recommended.",Positive
"Weak comedy, the direction was confusing and the ending left me painfully annoyed and unsatisfied.",Negative
"This comedy was absolutely disappointing, the soundtrack felt lazy and uninspired.",Negative
"A masterpiece of a action movie, the pacing alone makes it incredibly worth watching multiple times.",Positive
The plot was dreadful and the story dragged on absolutely after a promising start.,Negative
The characters was dreadful and the story dragged on genuinely after a promising start.,Negative
A wonderfully crafted romance that shows truly real mastery in plot and storytelling.,Positive
"I was remarkably let down by the performance, this animated film failed to meet even low expectations.",Negative
"I was absolutely blown away by the direction, this documentary exceeded all my expectations.",Positive
"Weak drama, the performance was confusing and the ending left me remarkably annoyed and unsatisfied.",Negative
The script dragged this biopic down into something incredibly forgettable and disappointing.,Negative
"What a absolutely fantastic action movie, the chemistry between the leads was the highlight of my whole week.",Positive
"I was remarkably blown away by the world building, this romance exceeded all my expectations.",Positive
"I hated most of this horror film, especially the chemistry between the leads which felt so fake and forced.",Negative
"This animated film was absolutely brilliant, the visual style kept me hooked from start to finish.",Positive
"Terrible biopic with weak performance, I couldn't stay engaged for a single scene.",Negative
A poorly crafted documentary that shows a absolutely lack of effort in dialogue and storytelling.,Negative
The plot elevated this mystery into something genuinely special and unforgettable.,Positive
"Terrible musical with weak script, I couldn't stay engaged for a single scene.",Negative
"Terrible documentary with weak plot, I couldn't stay engaged for a single scene.",Negative
"Incredible comedy with fantastic dialogue, I couldn't look away for a single second.",Positive
"I loved every minute of this comedy, especially the characters which felt so authentic.",Positive
"I loved every minute of this mystery, especially the cinematography which felt so authentic.",Positive
"This movie's script is a perfect example of bad filmmaking, incredibly would not recommend.",Negative
The visual style dragged this action movie down into something genuinely forgettable and disappointing.,Negative
"Beautifully made mystery, the direction was executed with absolutely real skill and passion.",Positive
"This comedy was incredibly brilliant, the storyline kept me hooked from start to finish.",Positive
"Incredible mystery with fantastic cinematography, I couldn't look away for a single second.",Positive
A wonderfully crafted crime drama that shows absolutely real mastery in special effects and storytelling.,Positive
A wonderfully crafted mystery that shows truly real mastery in chemistry between the leads and storytelling.,Positive
"One of the best movies I've seen this year, absolutely incredible screenplay and a moving experience.",Positive
"Terrible sci-fi film with weak special effects, I couldn't stay engaged for a single scene.",Negative
A wonderfully crafted musical that shows truly real mastery in cinematography and storytelling.,Positive
"What a absolutely disappointing biopic, the pacing ruined the whole experience for me.",Negative
"A masterpiece of a mystery, the screenplay alone makes it wonderfully worth watching multiple times.",Positive
"A masterpiece of a war film, the plot alone makes it wonderfully worth watching multiple times.",Positive
The acting was dreadful and the story dragged on incredibly after a promising start.,Negative
"Nothing about this romance worked, especially the cinematography, remarkably weak effort overall.",Negative
The screenplay dragged this documentary down into something painfully forgettable and disappointing.,Negative
"Incredible musical with fantastic direction, I couldn't look away for a single second.",Positive
"I hated most of this drama, especially the dialogue which felt so fake and forced.",Negative
"One of the best movies I've seen this year, incredibly incredible dialogue and a moving experience.",Positive
"A mess of a fantasy film, the characters alone makes it incredibly not worth watching at all.",Negative
"Terrible biopic with weak plot, I couldn't stay engaged for a single scene.",Negative
"One of the best movies I've seen this year, truly incredible performance and a moving experience.",Positive
"This movie's direction is a shining example of great filmmaking, remarkably recommended.",Positive
The characters elevated this musical into something incredibly special and unforgettable.,Positive
"What a wonderfully fantastic biopic, the screenplay was the highlight of my whole week.",Positive
"Incredible horror film with fantastic screenplay, I couldn't look away for a single second.",Positive
The ending dragged this documentary down into something genuinely forgettable and disappointing.,Negative
A wonderfully crafted war film that shows genuinely real mastery in special effects and storytelling.,Positive
The editing was so poorly done that I regretted watching this documentary at all.,Negative
"What a incredibly fantastic fantasy film, the direction was the highlight of my whole week.",Positive
"Weak thriller, the soundtrack was confusing and the ending left me remarkably annoyed and unsatisfied.",Negative
"Everything about this fantasy film worked, especially the visual style, absolutely impressive work.",Positive
The visual style was so well done that I immediately wanted to watch this biopic again.,Positive
"What a truly fantastic horror film, the cinematography was the highlight of my whole week.",Positive
The storyline was dreadful and the story dragged on incredibly after a promising start.,Negative
"This film deserves every award, the visual style was some of the best I've ever seen.",Positive
"Incredible biopic with fantastic editing, I couldn't look away for a single second.",Positive
"Terrible drama with weak acting, I couldn't stay engaged for a single scene.",Negative
"This romance was incredibly disappointing, the dialogue felt lazy and uninspired.",Negative
"This crime drama was remarkably disappointing, the visual style felt lazy and uninspired.",Negative
"What a truly disappointing sci-fi film, the editing ruined the whole experience for me.",Negative
A poorly crafted thriller that shows a remarkably lack of effort in characters and storytelling.,Negative
The chemistry between the leads dragged this war film down into something genuinely forgettable and disappointing.,Negative
"Superb animated film, the cinematography was engaging and the ending left me speechless in a good way.",Positive
"Everything about this sci-fi film worked, especially the chemistry between the leads, wonderfully impressive work.",Positive
"Poorly made fantasy film, the pacing was executed without any real skill or effort.",Negative
"This drama was absolutely brilliant, the cinematography kept me hooked from start to finish.",Positive
"I loved every minute of this biopic, especially the plot which felt so authentic.",Positive
"I hated most of this biopic, especially the chemistry between the leads which felt so fake and forced.",Negative
"This movie's ending is a shining example of great filmmaking, wonderfully recommended.",Positive
"Incredible animated film with fantastic world building, I couldn't look away for a single second.",Positive
"Terrible musical with weak chemistry between the leads, I couldn't stay engaged for a single scene.",Negative
The acting elevated this comedy into something genuinely special and unforgettable.,Positive
"A masterpiece of a drama, the ending alone makes it remarkably worth watching multiple times.",Positive
"A mess of a horror film, the plot alone makes it truly not worth watching at all.",Negative
"I was truly let down by the editing, this war film failed to meet even low expectations.",Negative
"I loved every minute of this romance, especially the dialogue which felt so authentic.",Positive
"I loved every minute of this crime drama, especially the soundtrack which felt so authentic.",Positive
"What a incredibly disappointing crime drama, the characters ruined the whole experience for me.",Negative
A poorly crafted comedy that shows a incredibly lack of effort in soundtrack and storytelling.,Negative
"Weak comedy, the script was confusing and the ending left me remarkably annoyed and unsatisfied.",Negative
"An emotional rollercoaster with brilliant characters, absolutely one of my favorite films.",Positive
"This war film was wonderfully brilliant, the screenplay kept me hooked from start to finish.",Positive
"A masterpiece of a musical, the dialogue alone makes it truly worth watching multiple times.",Positive
The dialogue dragged this mystery down into something incredibly forgettable and disappointing.,Negative
"Weak crime drama, the visual style was confusing and the ending left me remarkably annoyed and unsatisfied.",Negative
A wonderfully crafted action movie that shows wonderfully real mastery in script and storytelling.,Positive
A poorly crafted action movie that shows a truly lack of effort in editing and storytelling.,Negative
"Weak war film, the visual style was confusing and the ending left me genuinely annoyed and unsatisfied.",Negative
"This comedy was truly disappointing, the dialogue felt lazy and uninspired.",Negative
"Incredible crime drama with fantastic direction, I couldn't look away for a single second.",Positive
The soundtrack dragged this musical down into something genuinely forgettable and disappointing.,Negative
"I loved every minute of this documentary, especially the visual style which felt so authentic.",Positive
"What a truly disappointing musical, the chemistry between the leads ruined the whole experience for me.",Negative
"What a truly disappointing horror film, the performance ruined the whole experience for me.",Negative
"Terrible thriller with weak special effects, I couldn't stay engaged for a single scene.",Negative
"I hated most of this comedy, especially the plot which felt so fake and forced.",Negative
"Poorly made sci-fi film, the characters was executed without any real skill or effort.",Negative
"I loved every minute of this biopic, especially the special effects which felt so authentic.",Positive
"I was genuinely let down by the special effects, this romance failed to meet even low expectations.",Negative
"I hated most of this action movie, especially the pacing which felt so fake and forced.",Negative
"Incredible sci-fi film with fantastic world building, I couldn't look away for a single second.",Positive
The pacing dragged this thriller down into something remarkably forgettable and disappointing.,Negative
The soundtrack elevated this sci-fi film into something remarkably special and unforgettable.,Positive
"One of the best movies I've seen this year, genuinely incredible chemistry between the leads and a moving experience.",Positive
"A mess of a sci-fi film, the cinematography alone makes it absolutely not worth watching at all.",Negative
"I was painfully let down by the special effects, this drama failed to meet even low expectations.",Negative
"One of the worst movies I've seen this year, painfully terrible editing and a boring experience.",Negative
The special effects was so well done that I immediately wanted to watch this fantasy film again.,Positive
The plot was phenomenal and the story stayed with me long after the credits rolled.,Positive
A poorly crafted romance that shows a genuinely lack of effort in plot and storytelling.,Negative
"One of the best movies I've seen this year, absolutely incredible characters and a moving experience.",Positive
"A masterpiece of a drama, the performance alone makes it wonderfully worth watching multiple times.",Positive
The script was dreadful and the story dragged on genuinely after a promising start.,Negative
"A frustrating watch with awful pacing, truly one of my least favorite films.",Negative
"Terrible sci-fi film with weak cinematography, I couldn't stay engaged for a single scene.",Negative
The pacing was so poorly done that I regretted watching this biopic at all.,Negative
"Beautifully made crime drama, the performance was executed with remarkably real skill and passion.",Positive
"Incredible mystery with fantastic screenplay, I couldn't look away for a single second.",Positive
"What a absolutely fantastic documentary, the visual style was the highlight of my whole week.",Positive
"A frustrating watch with awful screenplay, painfully one of my least favorite films.",Negative
"Everything about this fantasy film worked, especially the acting, remarkably impressive work.",Positive
The ending elevated this crime drama into something incredibly special and unforgettable.,Positive
"Poorly made biopic, the chemistry between the leads was executed without any real skill or effort.",Negative
"An emotional rollercoaster with brilliant ending, wonderfully one of my favorite films.",Positive
"Weak fantasy film, the dialogue was confusing and the ending left me truly annoyed and unsatisfied.",Negative
The storyline elevated this drama into something absolutely special and unforgettable.,Positive
"This movie's special effects is a shining example of great filmmaking, remarkably recommended.",Positive
"This movie's cinematography is a shining example of great filmmaking, remarkably recommended.",Positive
"A mess of a musical, the world building alone makes it incredibly not worth watching at all.",Negative
The chemistry between the leads was so well done that I immediately wanted to watch this action movie again.,Positive
"What a absolutely disappointing sci-fi film, the performance ruined the whole experience for me.",Negative
"Incredible action movie with fantastic direction, I couldn't look away for a single second.",Positive
"What a painfully disappointing romance, the screenplay ruined the whole experience for me.",Negative
"A masterpiece of a biopic, the visual style alone makes it genuinely worth watching multiple times.",Positive
"Poorly made comedy, the editing was executed without any real skill or effort.",Negative
"Nothing about this thriller worked, especially the characters, absolutely weak effort overall.",Negative
"What a truly disappointing fantasy film, the cinematography ruined the whole experience for me.",Negative
"Poorly made musical, the world building was executed without any real skill or effort.",Negative
"I was incredibly let down by the storyline, this war film failed to meet even low expectations.",Negative
"I loved every minute of this action movie, especially the performance which felt so authentic.",Positive
"Terrible mystery with weak soundtrack, I couldn't stay engaged for a single scene.",Negative
"What a remarkably fantastic thriller, the visual style was the highlight of my whole week.",Positive
The soundtrack was so poorly done that I regretted watching this romance at all.,Negative
"An emotional rollercoaster with brilliant performance, incredibly one of my favorite films.",Positive
The direction was so well done that I immediately wanted to watch this crime drama again.,Positive
"Terrible fantasy film with weak visual style, I couldn't stay engaged for a single scene.",Negative
"Nothing about this sci-fi film worked, especially the visual style, truly weak effort overall.",Negative
"An emotional rollercoaster with brilliant acting, incredibly one of my favorite films.",Positive
"Everything about this biopic worked, especially the direction, genuinely impressive work.",Positive
"This movie's direction is a perfect example of bad filmmaking, painfully would not recommend.",Negative
"A mess of a mystery, the pacing alone makes it truly not worth watching at all.",Negative
"Weak sci-fi film, the ending was confusing and the ending left me truly annoyed and unsatisfied.",Negative
"What a remarkably disappointing animated film, the cinematography ruined the whole experience for me.",Negative
"A frustrating watch with awful characters, incredibly one of my least favorite films.",Negative
"A mess of a action movie, the direction alone makes it remarkably not worth watching at all.",Negative
The visual style was so well done that I immediately wanted to watch this fantasy film again.,Positive
"One of the best movies I've seen this year, wonderfully incredible chemistry between the leads and a moving experience.",Positive
"Incredible fantasy film with fantastic performance, I couldn't look away for a single second.",Positive
"I was remarkably let down by the plot, this musical failed to meet even low expectations.",Negative
"This biopic was remarkably disappointing, the direction felt lazy and uninspired.",Negative
"This comedy was wonderfully brilliant, the characters kept me hooked from start to finish.",Positive
The dialogue was so well done that I immediately wanted to watch this war film again.,Positive
"A mess of a crime drama, the editing alone makes it remarkably not worth watching at all.",Negative
"Incredible animated film with fantastic cinematography, I couldn't look away for a single second.",Positive
"This movie's direction is a shining example of great filmmaking, truly recommended.",Positive
The cinematography dragged this musical down into something truly forgettable and disappointing.,Negative
"I was remarkably blown away by the editing, this documentary exceeded all my expectations.",Positive
"I was remarkably blown away by the acting, this sci-fi film exceeded all my expectations.",Positive
"Incredible documentary with fantastic editing, I couldn't look away for a single second.",Positive
The acting dragged this thriller down into something absolutely forgettable and disappointing.,Negative
"I loved every minute of this romance, especially the visual style which felt so authentic.",Positive
"Weak thriller, the screenplay was confusing and the ending left me painfully annoyed and unsatisfied.",Negative
"This comedy was genuinely brilliant, the cinematography kept me hooked from start to finish.",Positive
"Everything about this horror film worked, especially the screenplay, remarkably impressive work.",Positive
The characters was so well done that I immediately wanted to watch this documentary again.,Positive
"What a genuinely disappointing biopic, the chemistry between the leads ruined the whole experience for me.",Negative
"I was painfully let down by the storyline, this sci-fi film failed to meet even low expectations.",Negative
"Beautifully made animated film, the special effects was executed with absolutely real skill and passion.",Positive
"I was painfully let down by the plot, this thriller failed to meet even low expectations.",Negative
"This horror film was truly disappointing, the direction felt lazy and uninspired.",Negative
"This sci-fi film was absolutely brilliant, the special effects kept me hooked from start to finish.",Positive
"This romance was painfully disappointing, the pacing felt lazy and uninspired.",Negative
"I loved every minute of this animated film, especially the dialogue which felt so authentic.",Positive
A poorly crafted documentary that shows a remarkably lack of effort in plot and storytelling.,Negative
A poorly crafted drama that shows a incredibly lack of effort in performance and storytelling.,Negative
The screenplay was dreadful and the story dragged on incredibly after a promising start.,Negative
"A frustrating watch with awful editing, painfully one of my least favorite films.",Negative
The visual style dragged this action movie down into something painfully forgettable and disappointing.,Negative
"I was remarkably let down by the storyline, this comedy failed to meet even low expectations.",Negative
"What a incredibly fantastic action movie, the performance was the highlight of my whole week.",Positive
"Nothing about this musical worked, especially the visual style, incredibly weak effort overall.",Negative
"Terrible war film with weak plot, I couldn't stay engaged for a single scene.",Negative
"Beautifully made war film, the performance was executed with genuinely real skill and passion.",Positive
"What a genuinely disappointing fantasy film, the acting ruined the whole experience for me.",Negative
"An emotional rollercoaster with brilliant visual style, truly one of my favorite films.",Positive
A wonderfully crafted biopic that shows wonderfully real mastery in visual style and storytelling.,Positive
"This romance was absolutely disappointing, the plot felt lazy and uninspired.",Negative
The direction dragged this romance down into something painfully forgettable and disappointing.,Negative
A poorly crafted biopic that shows a truly lack of effort in screenplay and storytelling.,Negative
"Everything about this crime drama worked, especially the dialogue, wonderfully impressive work.",Positive
"Everything about this animated film worked, especially the special effects, remarkably impressive work.",Positive
A wonderfully crafted comedy that shows truly real mastery in screenplay and storytelling.,Positive
"Weak comedy, the ending was confusing and the ending left me remarkably annoyed and unsatisfied.",Negative
"Beautifully made sci-fi film, the dialogue was executed with incredibly real skill and passion.",Positive
A poorly crafted mystery that shows a genuinely lack of effort in acting and storytelling.,Negative
The storyline was dreadful and the story dragged on genuinely after a promising start.,Negative
"Beautifully made action movie, the characters was executed with absolutely real skill and passion.",Positive
"Beautifully made drama, the plot was executed with incredibly real skill and passion.",Positive
"One of the worst movies I've seen this year, absolutely terrible dialogue and a boring experience.",Negative
"Poorly made animated film, the chemistry between the leads was executed without any real skill or effort.",Negative
The performance dragged this sci-fi film down into something truly forgettable and disappointing.,Negative
"Poorly made animated film, the visual style was executed without any real skill or effort.",Negative
"One of the best movies I've seen this year, truly incredible editing and a moving experience.",Positive
"Nothing about this comedy worked, especially the direction, painfully weak effort overall.",Negative
The script was dreadful and the story dragged on incredibly after a promising start.,Negative
"I loved every minute of this action movie, especially the chemistry between the leads which felt so authentic.",Positive
"This war film was absolutely disappointing, the acting felt lazy and uninspired.",Negative
"Incredible romance with fantastic world building, I couldn't look away for a single second.",Positive
"A mess of a drama, the acting alone makes it absolutely not worth watching at all.",Negative
"An emotional rollercoaster with brilliant screenplay, wonderfully one of my favorite films.",Positive
"I loved every minute of this comedy, especially the script which felt so authentic.",Positive
The script was so poorly done that I regretted watching this sci-fi film at all.,Negative
"I was incredibly let down by the world building, this sci-fi film failed to meet even low expectations.",Negative
"One of the worst movies I've seen this year, absolutely terrible world building and a boring experience.",Negative
"A frustrating watch with awful world building, absolutely one of my least favorite films.",Negative
"An emotional rollercoaster with brilliant pacing, incredibly one of my favorite films.",Positive
"Nothing about this musical worked, especially the storyline, remarkably weak effort overall.",Negative
The editing dragged this crime drama down into something incredibly forgettable and disappointing.,Negative
"This drama was genuinely disappointing, the direction felt lazy and uninspired.",Negative
"What a wonderfully fantastic fantasy film, the dialogue was the highlight of my whole week.",Positive
"Incredible comedy with fantastic editing, I couldn't look away for a single second.",Positive
"One of the best movies I've seen this year, wonderfully incredible cinematography and a moving experience.",Positive
"I hated most of this mystery, especially the pacing which felt so fake and forced.",Negative
"I was incredibly let down by the soundtrack, this documentary failed to meet even low expectations.",Negative
"I hated most of this sci-fi film, especially the screenplay which felt so fake and forced.",Negative
"A masterpiece of a biopic, the chemistry between the leads alone makes it absolutely worth watching multiple times.",Positive
"What a remarkably fantastic war film, the ending was the highlight of my whole week.",Positive
A wonderfully crafted drama that shows truly real mastery in dialogue and storytelling.,Positive
The plot was so well done that I immediately wanted to watch this musical again.,Positive
"Everything about this horror film worked, especially the screenplay, truly impressive work.",Positive
A poorly crafted mystery that shows a truly lack of effort in cinematography and storytelling.,Negative
"I loved every minute of this drama, especially the pacing which felt so authentic.",Positive
The visual style dragged this action movie down into something absolutely forgettable and disappointing.,Negative
The chemistry between the leads was so poorly done that I regretted watching this documentary at all.,Negative
"I was remarkably let down by the editing, this biopic failed to meet even low expectations.",Negative
"What a absolutely disappointing documentary, the world building ruined the whole experience for me.",Negative
"Everything about this crime drama worked, especially the storyline, remarkably impressive work.",Positive
"One of the best movies I've seen this year, truly incredible acting and a moving experience.",Positive
"This movie's soundtrack is a perfect example of bad filmmaking, truly would not recommend.",Negative
"What a genuinely disappointing action movie, the screenplay ruined the whole experience for me.",Negative
A poorly crafted action movie that shows a truly lack of effort in acting and storytelling.,Negative
"I loved every minute of this war film, especially the storyline which felt so authentic.",Positive
The chemistry between the leads was so poorly done that I regretted watching this war film at all.,Negative
"Weak musical, the editing was confusing and the ending left me genuinely annoyed and unsatisfied.",Negative
"One of the worst movies I've seen this year, genuinely terrible editing and a boring experience.",Negative
"Everything about this musical worked, especially the ending, absolutely impressive work.",Positive
"Superb mystery, the world building was engaging and the ending left me speechless in a good way.",Positive
The soundtrack dragged this thriller down into something painfully forgettable and disappointing.,Negative
"I was absolutely blown away by the storyline, this documentary exceeded all my expectations.",Positive
"I loved every minute of this sci-fi film, especially the world building which felt so authentic.",Positive
"This movie's storyline is a perfect example of bad filmmaking, painfully would not recommend.",Negative
"This crime drama was absolutely brilliant, the soundtrack kept me hooked from start to finish.",Positive
"Superb drama, the special effects was engaging and the ending left me speechless in a good way.",Positive
A wonderfully crafted crime drama that shows incredibly real mastery in editing and storytelling.,Positive
"I was absolutely let down by the world building, this thriller failed to meet even low expectations.",Negative
"This fantasy film was incredibly brilliant, the chemistry between the leads kept me hooked from start to finish.",Positive
"What a wonderfully fantastic animated film, the editing was the highlight of my whole week.",Positive
"This musical was incredibly brilliant, the world building kept me hooked from start to finish.",Positive
"Terrible horror film with weak screenplay, I couldn't stay engaged for a single scene.",Negative
"This movie's screenplay is a shining example of great filmmaking, truly recommended.",Positive
"One of the best movies I've seen this year, incredibly incredible cinematography and a moving experience.",Positive
"This comedy was genuinely disappointing, the pacing felt lazy and uninspired.",Negative
"Poorly made comedy, the acting was executed without any real skill or effort.",Negative
"Terrible sci-fi film with weak pacing, I couldn't stay engaged for a single scene.",Negative
The ending elevated this action movie into something remarkably special and unforgettable.,Positive
"An emotional rollercoaster with brilliant special effects, genuinely one of my favorite films.",Positive
The dialogue elevated this romance into something genuinely special and unforgettable.,Positive
"I was absolutely blown away by the soundtrack, this romance exceeded all my expectations.",Positive
"I was incredibly let down by the direction, this crime drama failed to meet even low expectations.",Negative
"Terrible thriller with weak storyline, I couldn't stay engaged for a single scene.",Negative
"Everything about this romance worked, especially the performance, incredibly impressive work.",Positive
"What a truly disappointing horror film, the pacing ruined the whole experience for me.",Negative
"What a incredibly disappointing sci-fi film, the editing ruined the whole experience for me.",Negative
"Weak sci-fi film, the special effects was confusing and the ending left me truly annoyed and unsatisfied.",Negative
"Superb fantasy film, the script was engaging and the ending left me speechless in a good way.",Positive
"I loved every minute of this biopic, especially the cinematography which felt so authentic.",Positive
"This musical was genuinely disappointing, the soundtrack felt lazy and uninspired.",Negative
The screenplay was so poorly done that I regretted watching this crime drama at all.,Negative
"Incredible drama with fantastic dialogue, I couldn't look away for a single second.",Positive
"What a painfully disappointing romance, the dialogue ruined the whole experience for me.",Negative
"What a remarkably fantastic horror film, the characters was the highlight of my whole week.",Positive
"What a genuinely fantastic sci-fi film, the direction was the highlight of my whole week.",Positive
"What a incredibly disappointing biopic, the performance ruined the whole experience for me.",Negative
"I hated most of this war film, especially the performance which felt so fake and forced.",Negative
"A mess of a war film, the soundtrack alone makes it absolutely not worth watching at all.",Negative
"This movie's plot is a perfect example of bad filmmaking, genuinely would not recommend.",Negative
"Everything about this drama worked, especially the storyline, absolutely impressive work.",Positive
"Poorly made war film, the special effects was executed without any real skill or effort.",Negative
"I was absolutely let down by the chemistry between the leads, this romance failed to meet even low expectations.",Negative
"Superb documentary, the storyline was engaging and the ending left me speechless in a good way.",Positive
"A masterpiece of a mystery, the special effects alone makes it genuinely worth watching multiple times.",Positive
The characters was so well done that I immediately wanted to watch this biopic again.,Positive
The chemistry between the leads was so poorly done that I regretted watching this crime drama at all.,Negative
"This documentary was truly brilliant, the visual style kept me hooked from start to finish.",Positive
A wonderfully crafted war film that shows remarkably real mastery in characters and storytelling.,Positive
"This animated film was remarkably disappointing, the screenplay felt lazy and uninspired.",Negative
"I loved every minute of this documentary, especially the editing which felt so authentic.",Positive
"I was incredibly blown away by the editing, this drama exceeded all my expectations.",Positive
"I loved every minute of this fantasy film, especially the direction which felt so authentic.",Positive
"Everything about this fantasy film worked, especially the acting, wonderfully impressive work.",Positive
A poorly crafted drama that shows a painfully lack of effort in special effects and storytelling.,Negative
"Everything about this comedy worked, especially the script, wonderfully impressive work.",Positive
"Superb comedy, the plot was engaging and the ending left me speechless in a good way.",Positive
"This drama was absolutely disappointing, the soundtrack felt lazy and uninspired.",Negative
"Beautifully made biopic, the screenplay was executed with genuinely real skill and passion.",Positive
"What a absolutely fantastic animated film, the world building was the highlight of my whole week.",Positive
"What a absolutely disappointing fantasy film, the screenplay ruined the whole experience for me.",Negative
"Nothing about this action movie worked, especially the acting, painfully weak effort overall.",Negative
"Superb thriller, the ending was engaging and the ending left me speechless in a good way.",Positive
A poorly crafted thriller that shows a genuinely lack of effort in visual style and storytelling.,Negative
"I was genuinely let down by the characters, this drama failed to meet even low expectations.",Negative
"I was truly blown away by the chemistry between the leads, this musical exceeded all my expectations.",Positive
The acting elevated this documentary into something wonderfully special and unforgettable.,Positive
"This war film was truly disappointing, the dialogue felt lazy and uninspired.",Negative
"A mess of a war film, the plot alone makes it truly not worth watching at all.",Negative
"I was incredibly blown away by the dialogue, this war film exceeded all my expectations.",Positive
A wonderfully crafted musical that shows remarkably real mastery in world building and storytelling.,Positive
The special effects elevated this action movie into something truly special and unforgettable.,Positive
A poorly crafted comedy that shows a genuinely lack of effort in script and storytelling.,Negative
"This documentary was genuinely disappointing, the dialogue felt lazy and uninspired.",Negative
"Everything about this drama worked, especially the world building, remarkably impressive work.",Positive
"A mess of a animated film, the world building alone makes it truly not worth watching at all.",Negative
The characters was so poorly done that I regretted watching this mystery at all.,Negative
"Everything about this horror film worked, especially the script, wonderfully impressive work.",Positive
"I was painfully let down by the storyline, this action movie failed to meet even low expectations.",Negative
"Incredible mystery with fantastic chemistry between the leads, I couldn't look away for a single second.",Positive
The ending was so well done that I immediately wanted to watch this musical again.,Positive
"I was incredibly blown away by the cinematography, this musical exceeded all my expectations.",Positive
"Everything about this sci-fi film worked, especially the special effects, wonderfully impressive work.",Positive
The dialogue dragged this musical down into something remarkably forgettable and disappointing.,Negative
"I hated most of this animated film, especially the visual style which felt so fake and forced.",Negative
"Everything about this romance worked, especially the world building, genuinely impressive work.",Positive
"A mess of a war film, the performance alone makes it absolutely not worth watching at all.",Negative
"This comedy was truly brilliant, the pacing kept me hooked from start to finish.",Positive
The plot elevated this mystery into something truly special and unforgettable.,Positive
"This biopic was absolutely brilliant, the acting kept me hooked from start to finish.",Positive
"A mess of a comedy, the cinematography alone makes it remarkably not worth watching at all.",Negative
"This sci-fi film was incredibly disappointing, the direction felt lazy and uninspired.",Negative
"This movie's storyline is a perfect example of bad filmmaking, genuinely would not recommend.",Negative
"I hated most of this sci-fi film, especially the visual style which felt so fake and forced.",Negative
"Everything about this comedy worked, especially the plot, wonderfully impressive work.",Positive
"A masterpiece of a biopic, the ending alone makes it remarkably worth watching multiple times.",Positive
The soundtrack was so well done that I immediately wanted to watch this drama again.,Positive
"Incredible thriller with fantastic cinematography, I couldn't look away for a single second.",Positive
"Terrible comedy with weak dialogue, I couldn't stay engaged for a single scene.",Negative
"Nothing about this drama worked, especially the visual style, truly weak effort overall.",Negative
"I loved every minute of this thriller, especially the plot which felt so authentic.",Positive
"Incredible animated film with fantastic visual style, I couldn't look away for a single second.",Positive
"Everything about this sci-fi film worked, especially the soundtrack, genuinely impressive work.",Positive
"Terrible war film with weak direction, I couldn't stay engaged for a single scene.",Negative
"I loved every minute of this thriller, especially the characters which felt so authentic.",Positive
"Nothing about this animated film worked, especially the pacing, painfully weak effort overall.",Negative
"Beautifully made drama, the screenplay was executed with genuinely real skill and passion.",Positive
"I was absolutely blown away by the visual style, this animated film exceeded all my expectations.",Positive
"This sci-fi film was remarkably disappointing, the cinematography felt lazy and uninspired.",Negative
"Nothing about this action movie worked, especially the cinematography, remarkably weak effort overall.",Negative
The soundtrack elevated this musical into something absolutely special and unforgettable.,Positive
"One of the worst movies I've seen this year, truly terrible acting and a boring experience.",Negative
"A masterpiece of a musical, the characters alone makes it wonderfully worth watching multiple times.",Positive
The special effects dragged this fantasy film down into something absolutely forgettable and disappointing.,Negative
"I was wonderfully blown away by the script, this musical exceeded all my expectations.",Positive
The soundtrack was so well done that I immediately wanted to watch this horror film again.,Positive
The performance was so poorly done that I regretted watching this comedy at all.,Negative
"Nothing about this action movie worked, especially the plot, genuinely weak effort overall.",Negative
The cinematography elevated this sci-fi film into something remarkably special and unforgettable.,Positive
The cinematography was so well done that I immediately wanted to watch this fantasy film again.,Positive
The plot was so poorly done that I regretted watching this horror film at all.,Negative
"I loved every minute of this sci-fi film, especially the soundtrack which felt so authentic.",Positive
"This horror film was truly disappointing, the storyline felt lazy and uninspired.",Negative
"What a painfully disappointing action movie, the script ruined the whole experience for me.",Negative
"What a wonderfully fantastic drama, the dialogue was the highlight of my whole week.",Positive
"Beautifully made fantasy film, the direction was executed with genuinely real skill and passion.",Positive
"Beautifully made mystery, the ending was executed with genuinely real skill and passion.",Positive
"A mess of a comedy, the cinematography alone makes it genuinely not worth watching at all.",Negative
The pacing dragged this war film down into something absolutely forgettable and disappointing.,Negative
"This movie's performance is a shining example of great filmmaking, wonderfully recommended.",Positive
"This movie's screenplay is a shining example of great filmmaking, wonderfully recommended.",Positive
"Poorly made action movie, the script was executed without any real skill or effort.",Negative
The characters dragged this action movie down into something painfully forgettable and disappointing.,Negative
"I was absolutely blown away by the soundtrack, this war film exceeded all my expectations.",Positive
"Superb animated film, the soundtrack was engaging and the ending left me speechless in a good way.",Positive
The pacing dragged this comedy down into something genuinely forgettable and disappointing.,Negative
"Superb drama, the cinematography was engaging and the ending left me speechless in a good way.",Positive
"This comedy was genuinely disappointing, the special effects felt lazy and uninspired.",Negative
"Poorly made musical, the performance was executed without any real skill or effort.",Negative
The world building was so well done that I immediately wanted to watch this sci-fi film again.,Positive
"Everything about this musical worked, especially the editing, truly impressive work.",Positive
"Terrible war film with weak pacing, I couldn't stay engaged for a single scene.",Negative
"This movie's characters is a perfect example of bad filmmaking, incredibly would not recommend.",Negative
"A mess of a crime drama, the pacing alone makes it absolutely not worth watching at all.",Negative
"What a incredibly disappointing crime drama, the cinematography ruined the whole experience for me.",Negative
"Terrible war film with weak ending, I couldn't stay engaged for a single scene.",Negative
"What a genuinely fantastic musical, the pacing was the highlight of my whole week.",Positive
The performance elevated this animated film into something remarkably special and unforgettable.,Positive
A wonderfully crafted sci-fi film that shows wonderfully real mastery in script and storytelling.,Positive
"Weak drama, the screenplay was confusing and the ending left me absolutely annoyed and unsatisfied.",Negative
"What a truly disappointing fantasy film, the screenplay ruined the whole experience for me.",Negative
"Terrible documentary with weak chemistry between the leads, I couldn't stay engaged for a single scene.",Negative
"One of the best movies I've seen this year, absolutely incredible script and a moving experience.",Positive
"What a wonderfully fantastic thriller, the storyline was the highlight of my whole week.",Positive
The cinematography was dreadful and the story dragged on truly after a promising start.,Negative
"I was absolutely blown away by the dialogue, this sci-fi film exceeded all my expectations.",Positive
The editing was dreadful and the story dragged on painfully after a promising start.,Negative
"One of the worst movies I've seen this year, painfully terrible ending and a boring experience.",Negative
"Superb musical, the storyline was engaging and the ending left me speechless in a good way.",Positive
"Superb crime drama, the performance was engaging and the ending left me speechless in a good way.",Positive
"Everything about this comedy worked, especially the special effects, truly impressive work.",Positive
"Poorly made war film, the performance was executed without any real skill or effort.",Negative
"This movie's script is a shining example of great filmmaking, absolutely recommended.",Positive
"I hated most of this thriller, especially the ending which felt so fake and forced.",Negative
"I loved every minute of this action movie, especially the ending which felt so authentic.",Positive
"Beautifully made crime drama, the special effects was executed with remarkably real skill and passion.",Positive
"I was painfully let down by the script, this crime drama failed to meet even low expectations.",Negative
"A frustrating watch with awful visual style, genuinely one of my least favorite films.",Negative
"Terrible musical with weak pacing, I couldn't stay engaged for a single scene.",Negative
"This movie's ending is a shining example of great filmmaking, truly recommended.",Positive
"This movie's plot is a perfect example of bad filmmaking, remarkably would not recommend.",Negative
"A masterpiece of a drama, the script alone makes it remarkably worth watching multiple times.",Positive
"A mess of a action movie, the direction alone makes it truly not worth watching at all.",Negative
The pacing dragged this mystery down into something genuinely forgettable and disappointing.,Negative
The visual style was so poorly done that I regretted watching this action movie at all.,Negative
"I hated most of this animated film, especially the world building which felt so fake and forced.",Negative
"This drama was incredibly disappointing, the editing felt lazy and uninspired.",Negative
"A masterpiece of a fantasy film, the visual style alone makes it truly worth watching multiple times.",Positive
The characters dragged this war film down into something incredibly forgettable and disappointing.,Negative
"Superb fantasy film, the acting was engaging and the ending left me speechless in a good way.",Positive
"What a remarkably fantastic fantasy film, the screenplay was the highlight of my whole week.",Positive
A poorly crafted mystery that shows a genuinely lack of effort in plot and storytelling.,Negative
A wonderfully crafted sci-fi film that shows absolutely real mastery in characters and storytelling.,Positive
"I hated most of this biopic, especially the visual style which felt so fake and forced.",Negative
"This war film was truly brilliant, the special effects kept me hooked from start to finish.",Positive
"Nothing about this horror film worked, especially the acting, absolutely weak effort overall.",Negative
"One of the worst movies I've seen this year, genuinely terrible script and a boring experience.",Negative
"A masterpiece of a drama, the plot alone makes it truly worth watching multiple times.",Positive
"Incredible biopic with fantastic screenplay, I couldn't look away for a single second.",Positive
"I was truly blown away by the storyline, this documentary exceeded all my expectations.",Positive
"Weak sci-fi film, the acting was confusing and the ending left me genuinely annoyed and unsatisfied.",Negative
"What a painfully disappointing horror film, the plot ruined the whole experience for me.",Negative
"Everything about this fantasy film worked, especially the dialogue, genuinely impressive work.",Positive
"This movie's world building is a shining example of great filmmaking, absolutely recommended.",Positive
"Nothing about this war film worked, especially the performance, painfully weak effort overall.",Negative
The script was so poorly done that I regretted watching this musical at all.,Negative
"Incredible action movie with fantastic visual style, I couldn't look away for a single second.",Positive
"I hated most of this crime drama, especially the soundtrack which felt so fake and forced.",Negative
"Terrible mystery with weak script, I couldn't stay engaged for a single scene.",Negative
"I was truly let down by the editing, this action movie failed to meet even low expectations.",Negative
"A masterpiece of a war film, the world building alone makes it absolutely worth watching multiple times.",Positive
"I hated most of this horror film, especially the soundtrack which felt so fake and forced.",Negative
"Beautifully made drama, the characters was executed with absolutely real skill and passion.",Positive
"This horror film was absolutely brilliant, the script kept me hooked from start to finish.",Positive
"This movie's performance is a shining example of great filmmaking, remarkably recommended.",Positive
"This war film was painfully disappointing, the special effects felt lazy and uninspired.",Negative
"Beautifully made sci-fi film, the plot was executed with remarkably real skill and passion.",Positive
"Poorly made thriller, the world building was executed without any real skill or effort.",Negative
"Nothing about this animated film worked, especially the pacing, truly weak effort overall.",Negative
"I loved every minute of this war film, especially the cinematography which felt so authentic.",Positive
"A masterpiece of a fantasy film, the editing alone makes it incredibly worth watching multiple times.",Positive
The screenplay was dreadful and the story dragged on painfully after a promising start.,Negative
"One of the worst movies I've seen this year, remarkably terrible script and a boring experience.",Negative
The script elevated this fantasy film into something remarkably special and unforgettable.,Positive
"I was incredibly blown away by the pacing, this romance exceeded all my expectations.",Positive
The editing dragged this romance down into something genuinely forgettable and disappointing.,Negative
A wonderfully crafted animated film that shows incredibly real mastery in plot and storytelling.,Positive
"This movie's characters is a perfect example of bad filmmaking, truly would not recommend.",Negative
"Poorly made action movie, the chemistry between the leads was executed without any real skill or effort.",Negative
"Beautifully made war film, the pacing was executed with incredibly real skill and passion.",Positive
"A mess of a action movie, the editing alone makes it absolutely not worth watching at all.",Negative
A wonderfully crafted romance that shows wonderfully real mastery in storyline and storytelling.,Positive
"What a wonderfully fantastic war film, the storyline was the highlight of my whole week.",Positive
"This war film was absolutely brilliant, the world building kept me hooked from start to finish.",Positive
A poorly crafted comedy that shows a absolutely lack of effort in script and storytelling.,Negative
The characters dragged this horror film down into something painfully forgettable and disappointing.,Negative
"Beautifully made documentary, the acting was executed with truly real skill and passion.",Positive
"What a truly fantastic mystery, the world building was the highlight of my whole week.",Positive
"I was incredibly blown away by the dialogue, this musical exceeded all my expectations.",Positive
"Terrible animated film with weak soundtrack, I couldn't stay engaged for a single scene.",Negative
"This movie's visual style is a shining example of great filmmaking, remarkably recommended.",Positive
The world building was so well done that I immediately wanted to watch this fantasy film again.,Positive
"Nothing about this war film worked, especially the ending, genuinely weak effort overall.",Negative
"A mess of a documentary, the dialogue alone makes it truly not worth watching at all.",Negative
"This horror film was remarkably brilliant, the script kept me hooked from start to finish.",Positive
The soundtrack was so poorly done that I regretted watching this crime drama at all.,Negative
"Incredible animated film with fantastic special effects, I couldn't look away for a single second.",Positive
"One of the worst movies I've seen this year, incredibly terrible cinematography and a boring experience.",Negative
"Terrible mystery with weak direction, I couldn't stay engaged for a single scene.",Negative
"Incredible mystery with fantastic ending, I couldn't look away for a single second.",Positive
"A masterpiece of a drama, the pacing alone makes it remarkably worth watching multiple times.",Positive
"Beautifully made thriller, the cinematography was executed with genuinely real skill and passion.",Positive
"Beautifully made crime drama, the dialogue was executed with incredibly real skill and passion.",Positive
The acting was dreadful and the story dragged on painfully after a promising start.,Negative
"Terrible war film with weak visual style, I couldn't stay engaged for a single scene.",Negative
"I was remarkably blown away by the acting, this war film exceeded all my expectations.",Positive
"I loved every minute of this action movie, especially the soundtrack which felt so authentic.",Positive
"One of the best movies I've seen this year, genuinely incredible editing and a moving experience.",Positive
"This animated film was truly disappointing, the direction felt lazy and uninspired.",Negative
"What a incredibly fantastic action movie, the storyline was the highlight of my whole week.",Positive
"A frustrating watch with awful script, remarkably one of my least favorite films.",Negative
The visual style was so well done that I immediately wanted to watch this crime drama again.,Positive
"Weak animated film, the direction was confusing and the ending left me incredibly annoyed and unsatisfied.",Negative
"Incredible romance with fantastic storyline, I couldn't look away for a single second.",Positive
"Weak sci-fi film, the chemistry between the leads was confusing and the ending left me truly annoyed and unsatisfied.",Negative
"Terrible biopic with weak characters, I couldn't stay engaged for a single scene.",Negative
The performance elevated this sci-fi film into something absolutely special and unforgettable.,Positive
"Terrible thriller with weak script, I couldn't stay engaged for a single scene.",Negative
"This mystery was genuinely brilliant, the screenplay kept me hooked from start to finish.",Positive
The direction elevated this comedy into something wonderfully special and unforgettable.,Positive
"Superb comedy, the performance was engaging and the ending left me speechless in a good way.",Positive
"A masterpiece of a sci-fi film, the performance alone makes it wonderfully worth watching multiple times.",Positive
A wonderfully crafted animated film that shows truly real mastery in plot and storytelling.,Positive
"One of the best movies I've seen this year, wonderfully incredible ending and a moving experience.",Positive
"A masterpiece of a musical, the ending alone makes it truly worth watching multiple times.",Positive
"A frustrating watch with awful acting, absolutely one of my least favorite films.",Negative
"I was incredibly let down by the special effects, this sci-fi film failed to meet even low expectations.",Negative
"What a incredibly fantastic crime drama, the screenplay was the highlight of my whole week.",Positive
"Beautifully made war film, the editing was executed with truly real skill and passion.",Positive
"A masterpiece of a action movie, the plot alone makes it incredibly worth watching multiple times.",Positive
"A masterpiece of a sci-fi film, the world building alone makes it truly worth watching multiple times.",Positive
"I was absolutely let down by the direction, this comedy failed to meet even low expectations.",Negative
"This crime drama was wonderfully brilliant, the characters kept me hooked from start to finish.",Positive
The dialogue dragged this romance down into something incredibly forgettable and disappointing.,Negative
"What a genuinely disappointing romance, the screenplay ruined the whole experience for me.",Negative
"A mess of a horror film, the cinematography alone makes it incredibly not worth watching at all.",Negative
"An emotional rollercoaster with brilliant special effects, truly one of my favorite films.",Positive
"This documentary was remarkably disappointing, the world building felt lazy and uninspired.",Negative
The cinematography dragged this animated film down into something incredibly forgettable and disappointing.,Negative
"Weak mystery, the special effects was confusing and the ending left me genuinely annoyed and unsatisfied.",Negative
"Terrible thriller with weak cinematography, I couldn't stay engaged for a single scene.",Negative
"An emotional rollercoaster with brilliant direction, truly one of my favorite films.",Positive
"This comedy was truly disappointing, the chemistry between the leads felt lazy and uninspired.",Negative
"I hated most of this fantasy film, especially the screenplay which felt so fake and forced.",Negative
"This comedy was absolutely disappointing, the plot felt lazy and uninspired.",Negative
"Poorly made biopic, the special effects was executed without any real skill or effort.",Negative
The direction was dreadful and the story dragged on genuinely after a promising start.,Negative
"What a genuinely fantastic animated film, the special effects was the highlight of my whole week.",Positive
"One of the best movies I've seen this year, incredibly incredible acting and a moving experience.",Positive
"A masterpiece of a drama, the screenplay alone makes it genuinely worth watching multiple times.",Positive
"This horror film was incredibly brilliant, the characters kept me hooked from start to finish.",Positive
"Terrible musical with weak screenplay, I couldn't stay engaged for a single scene.",Negative
"This action movie was painfully disappointing, the editing felt lazy and uninspired.",Negative
"Terrible mystery with weak special effects, I couldn't stay engaged for a single scene.",Negative
"Everything about this sci-fi film worked, especially the pacing, incredibly impressive work.",Positive
The world building dragged this biopic down into something painfully forgettable and disappointing.,Negative
The performance was so well done that I immediately wanted to watch this comedy again.,Positive
"I was incredibly let down by the dialogue, this romance failed to meet even low expectations.",Negative
The ending was so well done that I immediately wanted to watch this animated film again.,Positive
"This drama was incredibly disappointing, the chemistry between the leads felt lazy and uninspired.",Negative
"I was remarkably let down by the editing, this animated film failed to meet even low expectations.",Negative
"I was truly let down by the dialogue, this documentary failed to meet even low expectations.",Negative
"Weak mystery, the performance was confusing and the ending left me painfully annoyed and unsatisfied.",Negative
"A masterpiece of a horror film, the cinematography alone makes it wonderfully worth watching multiple times.",Positive
A wonderfully crafted drama that shows genuinely real mastery in editing and storytelling.,Positive
"Beautifully made horror film, the direction was executed with wonderfully real skill and passion.",Positive
"A mess of a romance, the acting alone makes it remarkably not worth watching at all.",Negative
"Incredible horror film with fantastic visual style, I couldn't look away for a single second.",Positive
"Nothing about this animated film worked, especially the script, remarkably weak effort overall.",Negative
"Poorly made romance, the direction was executed without any real skill or effort.",Negative
The storyline dragged this fantasy film down into something genuinely forgettable and disappointing.,Negative
"Poorly made horror film, the characters was executed without any real skill or effort.",Negative
"What a remarkably fantastic animated film, the acting was the highlight of my whole week.",Positive
A wonderfully crafted drama that shows genuinely real mastery in visual style and storytelling.,Positive
"Beautifully made biopic, the ending was executed with truly real skill and passion.",Positive
"This movie's soundtrack is a shining example of great filmmaking, remarkably recommended.",Positive
"An emotional rollercoaster with brilliant cinematography, truly one of my favorite films.",Positive
"Terrible drama with weak direction, I couldn't stay engaged for a single scene.",Negative
The performance was so well done that I immediately wanted to watch this action movie again.,Positive
"One of the best movies I've seen this year, genuinely incredible visual style and a moving experience.",Positive
"Nothing about this biopic worked, especially the performance, painfully weak effort overall.",Negative
"I loved every minute of this thriller, especially the editing which felt so authentic.",Positive
"What a remarkably fantastic musical, the screenplay was the highlight of my whole week.",Positive
The chemistry between the leads elevated this biopic into something incredibly special and unforgettable.,Positive
"I hated most of this horror film, especially the storyline which felt so fake and forced.",Negative
A wonderfully crafted romance that shows remarkably real mastery in dialogue and storytelling.,Positive
"Everything about this thriller worked, especially the special effects, genuinely impressive work.",Positive
"An emotional rollercoaster with brilliant editing, incredibly one of my favorite films.",Positive
"What a painfully disappointing fantasy film, the acting ruined the whole experience for me.",Negative
"Weak animated film, the characters was confusing and the ending left me remarkably annoyed and unsatisfied.",Negative
"Weak mystery, the editing was confusing and the ending left me absolutely annoyed and unsatisfied.",Negative
"This movie's script is a perfect example of bad filmmaking, painfully would not recommend.",Negative
"Incredible crime drama with fantastic chemistry between the leads, I couldn't look away for a single second.",Positive
"Superb mystery, the soundtrack was engaging and the ending left me speechless in a good way.",Positive
"A masterpiece of a crime drama, the editing alone makes it genuinely worth watching multiple times.",Positive
"A masterpiece of a comedy, the acting alone makes it wonderfully worth watching multiple times.",Positive
"A masterpiece of a war film, the performance alone makes it remarkably worth watching multiple times.",Positive
"A masterpiece of a thriller, the world building alone makes it absolutely worth watching multiple times.",Positive
A wonderfully crafted war film that shows wonderfully real mastery in ending and storytelling.,Positive
"Weak drama, the special effects was confusing and the ending left me painfully annoyed and unsatisfied.",Negative
"One of the worst movies I've seen this year, absolutely terrible characters and a boring experience.",Negative
"Beautifully made sci-fi film, the editing was executed with incredibly real skill and passion.",Positive
"A masterpiece of a drama, the special effects alone makes it absolutely worth watching multiple times.",Positive
"I was truly blown away by the chemistry between the leads, this mystery exceeded all my expectations.",Positive
"Everything about this musical worked, especially the dialogue, incredibly impressive work.",Positive
"Poorly made action movie, the special effects was executed without any real skill or effort.",Negative
"What a truly fantastic documentary, the cinematography was the highlight of my whole week.",Positive
"What a wonderfully fantastic war film, the cinematography was the highlight of my whole week.",Positive
"Terrible romance with weak screenplay, I couldn't stay engaged for a single scene.",Negative
"What a absolutely disappointing documentary, the cinematography ruined the whole experience for me.",Negative
A wonderfully crafted romance that shows genuinely real mastery in characters and storytelling.,Positive
"I was remarkably blown away by the storyline, this sci-fi film exceeded all my expectations.",Positive
"A mess of a crime drama, the pacing alone makes it truly not worth watching at all.",Negative
The editing dragged this fantasy film down into something absolutely forgettable and disappointing.,Negative
"One of the worst movies I've seen this year, incredibly terrible characters and a boring experience.",Negative
The direction dragged this action movie down into something truly forgettable and disappointing.,Negative
"A masterpiece of a sci-fi film, the soundtrack alone makes it wonderfully worth watching multiple times.",Positive
"What a truly disappointing documentary, the visual style ruined the whole experience for me.",Negative
A wonderfully crafted horror film that shows remarkably real mastery in direction and storytelling.,Positive
"Everything about this biopic worked, especially the chemistry between the leads, wonderfully impressive work.",Positive
"Incredible mystery with fantastic script, I couldn't look away for a single second.",Positive
"A mess of a biopic, the direction alone makes it incredibly not worth watching at all.",Negative
"Nothing about this crime drama worked, especially the plot, genuinely weak effort overall.",Negative
"Nothing about this animated film worked, especially the characters, truly weak effort overall.",Negative
A wonderfully crafted musical that shows incredibly real mastery in chemistry between the leads and storytelling.,Positive
"I was genuinely let down by the cinematography, this documentary failed to meet even low expectations.",Negative
"A frustrating watch with awful special effects, painfully one of my least favorite films.",Negative
The dialogue dragged this biopic down into something genuinely forgettable and disappointing.,Negative
"What a incredibly fantastic documentary, the plot was the highlight of my whole week.",Positive
"Incredible thriller with fantastic screenplay, I couldn't look away for a single second.",Positive
A wonderfully crafted mystery that shows remarkably real mastery in plot and storytelling.,Positive
The dialogue elevated this animated film into something truly special and unforgettable.,Positive
"This biopic was truly brilliant, the screenplay kept me hooked from start to finish.",Positive
"Weak romance, the soundtrack was confusing and the ending left me absolutely annoyed and unsatisfied.",Negative
"A mess of a mystery, the storyline alone makes it genuinely not worth watching at all.",Negative
"A mess of a animated film, the plot alone makes it incredibly not worth watching at all.",Negative
The cinematography elevated this biopic into something truly special and unforgettable.,Positive
The direction elevated this biopic into something truly special and unforgettable.,Positive
The characters was dreadful and the story dragged on painfully after a promising start.,Negative
"Superb biopic, the cinematography was engaging and the ending left me speechless in a good way.",Positive
"An emotional rollercoaster with brilliant screenplay, genuinely one of my favorite films.",Positive
"Terrible sci-fi film with weak editing, I couldn't stay engaged for a single scene.",Negative
"Weak war film, the dialogue was confusing and the ending left me remarkably annoyed and unsatisfied.",Negative
"A masterpiece of a fantasy film, the ending alone makes it absolutely worth watching multiple times.",Positive
The screenplay was dreadful and the story dragged on absolutely after a promising start.,Negative
"Weak comedy, the cinematography was confusing and the ending left me painfully annoyed and unsatisfied.",Negative
"What a genuinely fantastic thriller, the soundtrack was the highlight of my whole week.",Positive
"What a genuinely disappointing drama, the pacing ruined the whole experience for me.",Negative
"Incredible drama with fantastic storyline, I couldn't look away for a single second.",Positive
"I was genuinely let down by the editing, this fantasy film failed to meet even low expectations.",Negative
"What a wonderfully fantastic fantasy film, the characters was the highlight of my whole week.",Positive
"I was painfully let down by the pacing, this musical failed to meet even low expectations.",Negative
"I was genuinely blown away by the script, this biopic exceeded all my expectations.",Positive
The editing dragged this drama down into something genuinely forgettable and disappointing.,Negative
The screenplay was dreadful and the story dragged on truly after a promising start.,Negative
"Everything about this crime drama worked, especially the soundtrack, truly impressive work.",Positive
The special effects was so poorly done that I regretted watching this romance at all.,Negative
"What a remarkably disappointing action movie, the pacing ruined the whole experience for me.",Negative
The cinematography elevated this horror film into something genuinely special and unforgettable.,Positive
"What a remarkably fantastic horror film, the plot was the highlight of my whole week.",Positive
"This drama was truly brilliant, the ending kept me hooked from start to finish.",Positive
The visual style elevated this biopic into something remarkably special and unforgettable.,Positive
"One of the best movies I've seen this year, wonderfully incredible acting and a moving experience.",Positive
"This war film was absolutely brilliant, the special effects kept me hooked from start to finish.",Positive
"One of the best movies I've seen this year, remarkably incredible soundtrack and a moving experience.",Positive
"This movie's screenplay is a perfect example of bad filmmaking, painfully would not recommend.",Negative
"What a absolutely fantastic romance, the visual style was the highlight of my whole week.",Positive
"Beautifully made animated film, the editing was executed with genuinely real skill and passion.",Positive
"Poorly made documentary, the chemistry between the leads was executed without any real skill or effort.",Negative
"A masterpiece of a action movie, the acting alone makes it remarkably worth watching multiple times.",Positive
"Superb thriller, the soundtrack was engaging and the ending left me speechless in a good way.",Positive
"Incredible documentary with fantastic performance, I couldn't look away for a single second.",Positive
"One of the best movies I've seen this year, incredibly incredible characters and a moving experience.",Positive
"Nothing about this crime drama worked, especially the acting, absolutely weak effort overall.",Negative
"This horror film was absolutely brilliant, the pacing kept me hooked from start to finish.",Positive
"This documentary was genuinely disappointing, the script felt lazy and uninspired.",Negative
"What a absolutely fantastic musical, the pacing was the highlight of my whole week.",Positive
"What a wonderfully fantastic musical, the cinematography was the highlight of my whole week.",Positive
A poorly crafted war film that shows a truly lack of effort in world building and storytelling.,Negative
"This biopic was painfully disappointing, the screenplay felt lazy and uninspired.",Negative
"This mystery was painfully disappointing, the characters felt lazy and uninspired.",Negative
"Superb horror film, the soundtrack was engaging and the ending left me speechless in a good way.",Positive
"I loved every minute of this crime drama, especially the visual style which felt so authentic.",Positive
"I was remarkably blown away by the pacing, this animated film exceeded all my expectations.",Positive
"Weak biopic, the performance was confusing and the ending left me genuinely annoyed and unsatisfied.",Negative
"A mess of a horror film, the acting alone makes it genuinely not worth watching at all.",Negative
"Beautifully made animated film, the performance was executed with truly real skill and passion.",Positive
"I loved every minute of this drama, especially the acting which felt so authentic.",Positive
"Everything about this biopic worked, especially the soundtrack, genuinely impressive work.",Positive
"One of the best movies I've seen this year, genuinely incredible screenplay and a moving experience.",Positive
"What a absolutely fantastic fantasy film, the world building was the highlight of my whole week.",Positive
"This movie's ending is a perfect example of bad filmmaking, remarkably would not recommend.",Negative
"Nothing about this thriller worked, especially the storyline, painfully weak effort overall.",Negative
"An emotional rollercoaster with brilliant special effects, incredibly one of my favorite films.",Positive
"Incredible action movie with fantastic performance, I couldn't look away for a single second.",Positive
"This romance was absolutely disappointing, the script felt lazy and uninspired.",Negative
The visual style dragged this fantasy film down into something incredibly forgettable and disappointing.,Negative
"Poorly made fantasy film, the screenplay was executed without any real skill or effort.",Negative
"What a truly disappointing sci-fi film, the characters ruined the whole experience for me.",Negative
"I loved every minute of this action movie, especially the visual style which felt so authentic.",Positive
"This movie's editing is a perfect example of bad filmmaking, incredibly would not recommend.",Negative
"Superb horror film, the storyline was engaging and the ending left me speechless in a good way.",Positive
"I was truly let down by the dialogue, this war film failed to meet even low expectations.",Negative
"Incredible war film with fantastic special effects, I couldn't look away for a single second.",Positive
"I was absolutely blown away by the ending, this comedy exceeded all my expectations.",Positive
"This animated film was remarkably brilliant, the ending kept me hooked from start to finish.",Positive
The acting was so poorly done that I regretted watching this animated film at all.,Negative
A poorly crafted crime drama that shows a absolutely lack of effort in visual style and storytelling.,Negative
"A masterpiece of a drama, the visual style alone makes it incredibly worth watching multiple times.",Positive
"This movie's screenplay is a perfect example of bad filmmaking, genuinely would not recommend.",Negative
A wonderfully crafted drama that shows remarkably real mastery in dialogue and storytelling.,Positive
"What a genuinely fantastic mystery, the pacing was the highlight of my whole week.",Positive
A poorly crafted biopic that shows a genuinely lack of effort in ending and storytelling.,Negative
The script was so well done that I immediately wanted to watch this biopic again.,Positive
"What a painfully disappointing sci-fi film, the characters ruined the whole experience for me.",Negative
The direction was so poorly done that I regretted watching this musical at all.,Negative
"One of the best movies I've seen this year, remarkably incredible special effects and a moving experience.",Positive
"Nothing about this animated film worked, especially the performance, genuinely weak effort overall.",Negative
The script was so poorly done that I regretted watching this mystery at all.,Negative
"I was remarkably blown away by the visual style, this biopic exceeded all my expectations.",Positive
A poorly crafted drama that shows a absolutely lack of effort in acting and storytelling.,Negative
"What a truly fantastic musical, the direction was the highlight of my whole week.",Positive
A poorly crafted mystery that shows a incredibly lack of effort in performance and storytelling.,Negative
"This action movie was genuinely disappointing, the visual style felt lazy and uninspired.",Negative
"A masterpiece of a documentary, the editing alone makes it remarkably worth watching multiple times.",Positive
"One of the worst movies I've seen this year, remarkably terrible world building and a boring experience.",Negative
"Superb comedy, the screenplay was engaging and the ending left me speechless in a good way.",Positive
"This animated film was remarkably disappointing, the direction felt lazy and uninspired.",Negative
"I was incredibly let down by the ending, this documentary failed to meet even low expectations.",Negative
"Nothing about this fantasy film worked, especially the direction, absolutely weak effort overall.",Negative
A wonderfully crafted mystery that shows incredibly real mastery in chemistry between the leads and storytelling.,Positive
The cinematography was so poorly done that I regretted watching this thriller at all.,Negative
"A masterpiece of a musical, the visual style alone makes it incredibly worth watching multiple times.",Positive
"Everything about this horror film worked, especially the editing, absolutely impressive work.",Positive
"One of the best movies I've seen this year, incredibly incredible storyline and a moving experience.",Positive
A wonderfully crafted war film that shows incredibly real mastery in chemistry between the leads and storytelling.,Positive
"Incredible thriller with fantastic special effects, I couldn't look away for a single second.",Positive
"I hated most of this action movie, especially the special effects which felt so fake and forced.",Negative
The cinematography was dreadful and the story dragged on genuinely after a promising start.,Negative
"Incredible documentary with fantastic cinematography, I couldn't look away for a single second.",Positive
"Nothing about this drama worked, especially the storyline, truly weak effort overall.",Negative
"Superb action movie, the ending was engaging and the ending left me speechless in a good way.",Positive
"This movie's special effects is a perfect example of bad filmmaking, incredibly would not recommend.",Negative
"A mess of a romance, the plot alone makes it remarkably not worth watching at all.",Negative
"Weak biopic, the storyline was confusing and the ending left me painfully annoyed and unsatisfied.",Negative
"I was absolutely let down by the world building, this sci-fi film failed to meet even low expectations.",Negative
"A masterpiece of a crime drama, the script alone makes it absolutely worth watching multiple times.",Positive
"A frustrating watch with awful world building, truly one of my least favorite films.",Negative
A wonderfully crafted comedy that shows truly real mastery in performance and storytelling.,Positive
"Weak comedy, the plot was confusing and the ending left me incredibly annoyed and unsatisfied.",Negative
"An emotional rollercoaster with brilliant soundtrack, wonderfully one of my favorite films.",Positive
"A mess of a sci-fi film, the special effects alone makes it truly not worth watching at all.",Negative
"I was absolutely blown away by the performance, this biopic exceeded all my expectations.",Positive
"I loved every minute of this fantasy film, especially the storyline which felt so authentic.",Positive
"This movie's pacing is a shining example of great filmmaking, genuinely recommended.",Positive
The pacing was so poorly done that I regretted watching this mystery at all.,Negative
"Terrible animated film with weak editing, I couldn't stay engaged for a single scene.",Negative
"Nothing about this drama worked, especially the cinematography, incredibly weak effort overall.",Negative
The storyline elevated this animated film into something incredibly special and unforgettable.,Positive
"Weak war film, the visual style was confusing and the ending left me painfully annoyed and unsatisfied.",Negative
"Nothing about this drama worked, especially the editing, absolutely weak effort overall.",Negative
"A mess of a mystery, the acting alone makes it painfully not worth watching at all.",Negative
"Poorly made thriller, the screenplay was executed without any real skill or effort.",Negative
"Everything about this horror film worked, especially the soundtrack, absolutely impressive work.",Positive
"This animated film was remarkably brilliant, the storyline kept me hooked from start to finish.",Positive
"A mess of a drama, the characters alone makes it painfully not worth watching at all.",Negative
The chemistry between the leads was so well done that I immediately wanted to watch this fantasy film again.,Positive
"This mystery was genuinely disappointing, the performance felt lazy and uninspired.",Negative
"I was genuinely blown away by the special effects, this drama exceeded all my expectations.",Positive
A poorly crafted drama that shows a painfully lack of effort in plot and storytelling.,Negative
"I was absolutely let down by the visual style, this romance failed to meet even low expectations.",Negative
"Superb animated film, the plot was engaging and the ending left me speechless in a good way.",Positive
A poorly crafted romance that shows a remarkably lack of effort in special effects and storytelling.,Negative
"I was painfully let down by the direction, this animated film failed to meet even low expectations.",Negative
"Everything about this romance worked, especially the pacing, remarkably impressive work.",Positive
"I was absolutely let down by the chemistry between the leads, this drama failed to meet even low expectations.",Negative
The dialogue dragged this musical down into something painfully forgettable and disappointing.,Negative
"A frustrating watch with awful chemistry between the leads, truly one of my least favorite films.",Negative
The characters elevated this action movie into something remarkably special and unforgettable.,Positive
"Incredible mystery with fantastic dialogue, I couldn't look away for a single second.",Positive
"Superb animated film, the visual style was engaging and the ending left me speechless in a good way.",Positive
"Poorly made mystery, the world building was executed without any real skill or effort.",Negative
"Beautifully made fantasy film, the special effects was executed with genuinely real skill and passion.",Positive
"Incredible crime drama with fantastic cinematography, I couldn't look away for a single second.",Positive
"This movie's screenplay is a perfect example of bad filmmaking, absolutely would not recommend.",Negative
"Beautifully made sci-fi film, the pacing was executed with genuinely real skill and passion.",Positive
"What a remarkably disappointing crime drama, the cinematography ruined the whole experience for me.",Negative
"Nothing about this fantasy film worked, especially the pacing, truly weak effort overall.",Negative
"A mess of a action movie, the script alone makes it remarkably not worth watching at all.",Negative
"Poorly made horror film, the plot was executed without any real skill or effort.",Negative
"Incredible documentary with fantastic dialogue, I couldn't look away for a single second.",Positive
"I was truly let down by the performance, this musical failed to meet even low expectations.",Negative
"This documentary was absolutely disappointing, the soundtrack felt lazy and uninspired.",Negative
A wonderfully crafted musical that shows absolutely real mastery in soundtrack and storytelling.,Positive
"Poorly made action movie, the editing was executed without any real skill or effort.",Negative
"Nothing about this crime drama worked, especially the visual style, painfully weak effort overall.",Negative
"I hated most of this comedy, especially the visual style which felt so fake and forced.",Negative
"What a truly disappointing romance, the world building ruined the whole experience for me.",Negative
"Poorly made sci-fi film, the chemistry between the leads was executed without any real skill or effort.",Negative
"Superb animated film, the characters was engaging and the ending left me speechless in a good way.",Positive
"A masterpiece of a action movie, the soundtrack alone makes it remarkably worth watching multiple times.",Positive
"I hated most of this action movie, especially the soundtrack which felt so fake and forced.",Negative
A wonderfully crafted war film that shows remarkably real mastery in screenplay and storytelling.,Positive
"A masterpiece of a documentary, the screenplay alone makes it remarkably worth watching multiple times.",Positive
"Beautifully made crime drama, the script was executed with incredibly real skill and passion.",Positive
"What a incredibly disappointing mystery, the cinematography ruined the whole experience for me.",Negative
"Poorly made comedy, the screenplay was executed without any real skill or effort.",Negative
The script was so well done that I immediately wanted to watch this horror film again.,Positive
"A mess of a comedy, the chemistry between the leads alone makes it truly not worth watching at all.",Negative
"Incredible war film with fantastic editing, I couldn't look away for a single second.",Positive
"What a remarkably disappointing mystery, the soundtrack ruined the whole experience for me.",Negative
"This biopic was remarkably brilliant, the plot kept me hooked from start to finish.",Positive
"Nothing about this musical worked, especially the dialogue, absolutely weak effort overall.",Negative
"I was remarkably blown away by the ending, this sci-fi film exceeded all my expectations.",Positive
A poorly crafted fantasy film that shows a truly lack of effort in pacing and storytelling.,Negative
"Superb fantasy film, the world building was engaging and the ending left me speechless in a good way.",Positive
The special effects elevated this musical into something truly special and unforgettable.,Positive
A wonderfully crafted sci-fi film that shows remarkably real mastery in editing and storytelling.,Positive
A poorly crafted documentary that shows a painfully lack of effort in performance and storytelling.,Negative
"Weak documentary, the characters was confusing and the ending left me painfully annoyed and unsatisfied.",Negative
"This drama was genuinely brilliant, the special effects kept me hooked from start to finish.",Positive
"Superb horror film, the direction was engaging and the ending left me speechless in a good way.",Positive
"One of the worst movies I've seen this year, incredibly terrible storyline and a boring experience.",Negative
"This animated film was incredibly brilliant, the ending kept me hooked from start to finish.",Positive
"Nothing about this mystery worked, especially the script, painfully weak effort overall.",Negative
The storyline dragged this crime drama down into something truly forgettable and disappointing.,Negative
"I loved every minute of this thriller, especially the ending which felt so authentic.",Positive
"Nothing about this romance worked, especially the cinematography, truly weak effort overall.",Negative
"One of the best movies I've seen this year, genuinely incredible script and a moving experience.",Positive
"Everything about this romance worked, especially the storyline, remarkably impressive work.",Positive
A poorly crafted animated film that shows a incredibly lack of effort in cinematography and storytelling.,Negative
"Poorly made mystery, the storyline was executed without any real skill or effort.",Negative
A poorly crafted musical that shows a incredibly lack of effort in characters and storytelling.,Negative
"Nothing about this sci-fi film worked, especially the characters, incredibly weak effort overall.",Negative
"This drama was painfully disappointing, the chemistry between the leads felt lazy and uninspired.",Negative
The visual style was so poorly done that I regretted watching this mystery at all.,Negative
"A masterpiece of a drama, the script alone makes it absolutely worth watching multiple times.",Positive
"I was incredibly let down by the characters, this horror film failed to meet even low expectations.",Negative
"A frustrating watch with awful ending, truly one of my least favorite films.",Negative
The world building dragged this romance down into something painfully forgettable and disappointing.,Negative
A poorly crafted mystery that shows a painfully lack of effort in performance and storytelling.,Negative
The dialogue dragged this horror film down into something remarkably forgettable and disappointing.,Negative
"Nothing about this romance worked, especially the direction, genuinely weak effort overall.",Negative
"A mess of a action movie, the performance alone makes it truly not worth watching at all.",Negative
"This documentary was absolutely disappointing, the screenplay felt lazy and uninspired.",Negative
"A mess of a crime drama, the pacing alone makes it incredibly not worth watching at all.",Negative
A wonderfully crafted animated film that shows remarkably real mastery in soundtrack and storytelling.,Positive
"Nothing about this biopic worked, especially the storyline, absolutely weak effort overall.",Negative
The screenplay elevated this mystery into something genuinely special and unforgettable.,Positive
"Nothing about this horror film worked, especially the script, remarkably weak effort overall.",Negative
"What a incredibly disappointing musical, the direction ruined the whole experience for me.",Negative
"A mess of a fantasy film, the pacing alone makes it absolutely not worth watching at all.",Negative
"Superb mystery, the visual style was engaging and the ending left me speechless in a good way.",Positive
"I loved every minute of this war film, especially the visual style which felt so authentic.",Positive
"Weak thriller, the chemistry between the leads was confusing and the ending left me incredibly annoyed and unsatisfied.",Negative
"One of the best movies I've seen this year, absolutely incredible pacing and a moving experience.",Positive
"Everything about this fantasy film worked, especially the visual style, truly impressive work.",Positive
"Incredible animated film with fantastic pacing, I couldn't look away for a single second.",Positive
"I was genuinely let down by the direction, this romance failed to meet even low expectations.",Negative
The world building was dreadful and the story dragged on truly after a promising start.,Negative
A wonderfully crafted crime drama that shows truly real mastery in plot and storytelling.,Positive
"What a absolutely disappointing animated film, the chemistry between the leads ruined the whole experience for me.",Negative
"This mystery was genuinely brilliant, the storyline kept me hooked from start to finish.",Positive
A wonderfully crafted war film that shows genuinely real mastery in storyline and storytelling.,Positive
"Beautifully made thriller, the editing was executed with absolutely real skill and passion.",Positive
The plot was dreadful and the story dragged on truly after a promising start.,Negative
"Everything about this comedy worked, especially the dialogue, incredibly impressive work.",Positive
"What a absolutely fantastic documentary, the dialogue was the highlight of my whole week.",Positive
The script dragged this action movie down into something incredibly forgettable and disappointing.,Negative
"A masterpiece of a horror film, the storyline alone makes it incredibly worth watching multiple times.",Positive
The direction was so poorly done that I regretted watching this documentary at all.,Negative
"Nothing about this documentary worked, especially the pacing, incredibly weak effort overall.",Negative
"I was incredibly blown away by the dialogue, this horror film exceeded all my expectations.",Positive
"Incredible sci-fi film with fantastic script, I couldn't look away for a single second.",Positive
A wonderfully crafted crime drama that shows wonderfully real mastery in special effects and storytelling.,Positive
A wonderfully crafted documentary that shows truly real mastery in editing and storytelling.,Positive
"What a genuinely fantastic drama, the world building was the highlight of my whole week.",Positive
"Weak comedy, the storyline was confusing and the ending left me incredibly annoyed and unsatisfied.",Negative
"An emotional rollercoaster with brilliant script, wonderfully one of my favorite films.",Positive
"Nothing about this animated film worked, especially the special effects, painfully weak effort overall.",Negative
The soundtrack was dreadful and the story dragged on incredibly after a promising start.,Negative
A wonderfully crafted drama that shows incredibly real mastery in screenplay and storytelling.,Positive
"This musical was painfully disappointing, the plot felt lazy and uninspired.",Negative
"A frustrating watch with awful chemistry between the leads, genuinely one of my least favorite films.",Negative
A wonderfully crafted fantasy film that shows genuinely real mastery in characters and storytelling.,Positive
"I hated most of this fantasy film, especially the cinematography which felt so fake and forced.",Negative
"I was wonderfully blown away by the visual style, this war film exceeded all my expectations.",Positive
A wonderfully crafted mystery that shows wonderfully real mastery in soundtrack and storytelling.,Positive
"Everything about this comedy worked, especially the performance, wonderfully impressive work.",Positive
"I hated most of this drama, especially the storyline which felt so fake and forced.",Negative
The editing dragged this war film down into something genuinely forgettable and disappointing.,Negative
The screenplay was so well done that I immediately wanted to watch this sci-fi film again.,Positive
A poorly crafted musical that shows a incredibly lack of effort in plot and storytelling.,Negative
"Beautifully made comedy, the visual style was executed with wonderfully real skill and passion.",Positive
The performance was so well done that I immediately wanted to watch this romance again.,Positive
"This romance was genuinely brilliant, the direction kept me hooked from start to finish.",Positive
The special effects was so well done that I immediately wanted to watch this crime drama again.,Positive
The editing was so well done that I immediately wanted to watch this fantasy film again.,Positive
The plot was so poorly done that I regretted watching this sci-fi film at all.,Negative
The cinematography elevated this mystery into something remarkably special and unforgettable.,Positive
"I was painfully let down by the dialogue, this horror film failed to meet even low expectations.",Negative
A wonderfully crafted sci-fi film that shows incredibly real mastery in plot and storytelling.,Positive
"I was wonderfully blown away by the soundtrack, this comedy exceeded all my expectations.",Positive
"An emotional rollercoaster with brilliant world building, remarkably one of my favorite films.",Positive
"I was truly let down by the storyline, this musical failed to meet even low expectations.",Negative
The cinematography was so poorly done that I regretted watching this mystery at all.,Negative
A poorly crafted documentary that shows a remarkably lack of effort in chemistry between the leads and storytelling.,Negative
The acting dragged this musical down into something incredibly forgettable and disappointing.,Negative
"Beautifully made biopic, the characters was executed with wonderfully real skill and passion.",Positive
The ending was so poorly done that I regretted watching this drama at all.,Negative
The storyline dragged this fantasy film down into something remarkably forgettable and disappointing.,Negative
A wonderfully crafted drama that shows truly real mastery in chemistry between the leads and storytelling.,Positive
"This crime drama was incredibly brilliant, the ending kept me hooked from start to finish.",Positive
A poorly crafted fantasy film that shows a remarkably lack of effort in characters and storytelling.,Negative
"I was remarkably let down by the performance, this drama failed to meet even low expectations.",Negative
"A mess of a biopic, the editing alone makes it truly not worth watching at all.",Negative
"One of the worst movies I've seen this year, genuinely terrible pacing and a boring experience.",Negative
"I hated most of this musical, especially the performance which felt so fake and forced.",Negative
"This mystery was remarkably brilliant, the dialogue kept me hooked from start to finish.",Positive
"I loved every minute of this crime drama, especially the screenplay which felt so authentic.",Positive
"This drama was truly brilliant, the editing kept me hooked from start to finish.",Positive
"I was painfully let down by the screenplay, this mystery failed to meet even low expectations.",Negative
"I hated most of this sci-fi film, especially the special effects which felt so fake and forced.",Negative
"Terrible thriller with weak direction, I couldn't stay engaged for a single scene.",Negative
"Poorly made fantasy film, the editing was executed without any real skill or effort.",Negative
The special effects elevated this animated film into something truly special and unforgettable.,Positive
"Beautifully made thriller, the world building was executed with truly real skill and passion.",Positive
"What a genuinely disappointing crime drama, the script ruined the whole experience for me.",Negative
"Everything about this biopic worked, especially the storyline, remarkably impressive work.",Positive
The direction was dreadful and the story dragged on absolutely after a promising start.,Negative
"Nothing about this crime drama worked, especially the script, painfully weak effort overall.",Negative
A poorly crafted war film that shows a incredibly lack of effort in visual style and storytelling.,Negative
The chemistry between the leads was dreadful and the story dragged on remarkably after a promising start.,Negative
"What a painfully disappointing thriller, the dialogue ruined the whole experience for me.",Negative
"I hated most of this fantasy film, especially the direction which felt so fake and forced.",Negative
"What a genuinely disappointing mystery, the plot ruined the whole experience for me.",Negative
"One of the best movies I've seen this year, truly incredible dialogue and a moving experience.",Positive
"One of the worst movies I've seen this year, remarkably terrible visual style and a boring experience.",Negative
The soundtrack was dreadful and the story dragged on truly after a promising start.,Negative
"What a remarkably disappointing sci-fi film, the cinematography ruined the whole experience for me.",Negative
"This horror film was truly brilliant, the dialogue kept me hooked from start to finish.",Positive
"I hated most of this mystery, especially the screenplay which felt so fake and forced.",Negative
"Incredible war film with fantastic performance, I couldn't look away for a single second.",Positive
The acting was so well done that I immediately wanted to watch this action movie again.,Positive
"A mess of a action movie, the chemistry between the leads alone makes it truly not worth watching at all.",Negative
"This thriller was truly brilliant, the visual style kept me hooked from start to finish.",Positive
"What a wonderfully fantastic war film, the ending was the highlight of my whole week.",Positive
A poorly crafted drama that shows a remarkably lack of effort in storyline and storytelling.,Negative
"I loved every minute of this mystery, especially the screenplay which felt so authentic.",Positive
"I was incredibly blown away by the ending, this crime drama exceeded all my expectations.",Positive
"I loved every minute of this action movie, especially the storyline which felt so authentic.",Positive
"I was incredibly let down by the characters, this drama failed to meet even low expectations.",Negative
"This romance was incredibly brilliant, the editing kept me hooked from start to finish.",Positive
"Nothing about this drama worked, especially the special effects, remarkably weak effort overall.",Negative
"Weak biopic, the acting was confusing and the ending left me genuinely annoyed and unsatisfied.",Negative
"A masterpiece of a horror film, the screenplay alone makes it truly worth watching multiple times.",Positive
"I was truly blown away by the performance, this musical exceeded all my expectations.",Positive
"One of the best movies I've seen this year, remarkably incredible cinematography and a moving experience.",Positive
A wonderfully crafted biopic that shows absolutely real mastery in storyline and storytelling.,Positive
"This crime drama was truly brilliant, the plot kept me hooked from start to finish.",Positive
"Nothing about this mystery worked, especially the performance, incredibly weak effort overall.",Negative
"This movie's acting is a shining example of great filmmaking, genuinely recommended.",Positive
The plot was so well done that I immediately wanted to watch this war film again.,Positive
"Everything about this romance worked, especially the dialogue, wonderfully impressive work.",Positive
"This movie's soundtrack is a shining example of great filmmaking, genuinely recommended.",Positive
"Nothing about this action movie worked, especially the visual style, truly weak effort overall.",Negative
"Everything about this mystery worked, especially the screenplay, incredibly impressive work.",Positive
"Nothing about this crime drama worked, especially the script, truly weak effort overall.",Negative
"What a painfully disappointing action movie, the editing ruined the whole experience for me.",Negative
"This sci-fi film was truly disappointing, the dialogue felt lazy and uninspired.",Negative
A poorly crafted war film that shows a genuinely lack of effort in storyline and storytelling.,Negative
The ending was so poorly done that I regretted watching this comedy at all.,Negative
A wonderfully crafted biopic that shows absolutely real mastery in special effects and storytelling.,Positive
"Weak horror film, the characters was confusing and the ending left me remarkably annoyed and unsatisfied.",Negative
"Beautifully made fantasy film, the pacing was executed with incredibly real skill and passion.",Positive
The pacing was dreadful and the story dragged on absolutely after a promising start.,Negative
"Incredible horror film with fantastic cinematography, I couldn't look away for a single second.",Positive
A wonderfully crafted thriller that shows wonderfully real mastery in storyline and storytelling.,Positive
The storyline was so poorly done that I regretted watching this animated film at all.,Negative
"An emotional rollercoaster with brilliant screenplay, absolutely one of my favorite films.",Positive
"Everything about this mystery worked, especially the performance, incredibly impressive work.",Positive
"This movie's script is a shining example of great filmmaking, remarkably recommended.",Positive
"Beautifully made war film, the script was executed with remarkably real skill and passion.",Positive
The performance elevated this sci-fi film into something remarkably special and unforgettable.,Positive
"One of the worst movies I've seen this year, genuinely terrible plot and a boring experience.",Negative
"I loved every minute of this crime drama, especially the performance which felt so authentic.",Positive
A poorly crafted musical that shows a incredibly lack of effort in cinematography and storytelling.,Negative
"I was remarkably let down by the visual style, this crime drama failed to meet even low expectations.",Negative
"What a truly fantastic horror film, the acting was the highlight of my whole week.",Positive
"Everything about this war film worked, especially the plot, remarkably impressive work.",Positive
A poorly crafted drama that shows a genuinely lack of effort in special effects and storytelling.,Negative
"Nothing about this mystery worked, especially the cinematography, remarkably weak effort overall.",Negative
"This movie's cinematography is a perfect example of bad filmmaking, absolutely would not recommend.",Negative
"What a absolutely disappointing sci-fi film, the editing ruined the whole experience for me.",Negative
"This romance was genuinely disappointing, the characters felt lazy and uninspired.",Negative
"Terrible animated film with weak characters, I couldn't stay engaged for a single scene.",Negative
"Nothing about this thriller worked, especially the pacing, incredibly weak effort overall.",Negative
"I was wonderfully blown away by the direction, this romance exceeded all my expectations.",Positive
"Poorly made biopic, the cinematography was executed without any real skill or effort.",Negative
"Incredible crime drama with fantastic editing, I couldn't look away for a single second.",Positive
"Superb war film, the acting was engaging and the ending left me speechless in a good way.",Positive
"I was truly let down by the characters, this crime drama failed to meet even low expectations.",Negative
The characters elevated this romance into something incredibly special and unforgettable.,Positive
"Poorly made documentary, the visual style was executed without any real skill or effort.",Negative
"What a absolutely disappointing romance, the storyline ruined the whole experience for me.",Negative
"This biopic was incredibly disappointing, the storyline felt lazy and uninspired.",Negative
The characters dragged this musical down into something genuinely forgettable and disappointing.,Negative
"A mess of a drama, the special effects alone makes it painfully not worth watching at all.",Negative
"This movie's editing is a shining example of great filmmaking, genuinely recommended.",Positive
"Weak war film, the soundtrack was confusing and the ending left me truly annoyed and unsatisfied.",Negative
"Superb horror film, the editing was engaging and the ending left me speechless in a good way.",Positive
The cinematography was so poorly done that I regretted watching this animated film at all.,Negative
The performance elevated this comedy into something incredibly special and unforgettable.,Positive
"A masterpiece of a romance, the screenplay alone makes it absolutely worth watching multiple times.",Positive
"What a genuinely fantastic romance, the acting was the highlight of my whole week.",Positive
"Terrible documentary with weak storyline, I couldn't stay engaged for a single scene.",Negative
"I loved every minute of this sci-fi film, especially the screenplay which felt so authentic.",Positive
"One of the best movies I've seen this year, truly incredible screenplay and a moving experience.",Positive
"Nothing about this biopic worked, especially the dialogue, incredibly weak effort overall.",Negative
A wonderfully crafted documentary that shows wonderfully real mastery in cinematography and storytelling.,Positive
"I loved every minute of this drama, especially the world building which felt so authentic.",Positive
"Poorly made documentary, the editing was executed without any real skill or effort.",Negative
"Nothing about this war film worked, especially the performance, genuinely weak effort overall.",Negative
"This movie's special effects is a perfect example of bad filmmaking, genuinely would not recommend.",Negative
"I loved every minute of this fantasy film, especially the plot which felt so authentic.",Positive
"I was wonderfully blown away by the plot, this documentary exceeded all my expectations.",Positive
"A masterpiece of a crime drama, the cinematography alone makes it incredibly worth watching multiple times.",Positive
"Nothing about this war film worked, especially the dialogue, absolutely weak effort overall.",Negative
"I hated most of this war film, especially the world building which felt so fake and forced.",Negative
"Weak action movie, the plot was confusing and the ending left me truly annoyed and unsatisfied.",Negative
"What a remarkably fantastic biopic, the performance was the highlight of my whole week.",Positive
"One of the worst movies I've seen this year, remarkably terrible plot and a boring experience.",Negative
The screenplay dragged this war film down into something incredibly forgettable and disappointing.,Negative
"A mess of a thriller, the visual style alone makes it genuinely not worth watching at all.",Negative
The editing was so poorly done that I regretted watching this romance at all.,Negative
"Nothing about this crime drama worked, especially the world building, remarkably weak effort overall.",Negative
"What a incredibly disappointing comedy, the editing ruined the whole experience for me.",Negative
"Poorly made musical, the cinematography was executed without any real skill or effort.",Negative
A poorly crafted horror film that shows a truly lack of effort in performance and storytelling.,Negative
"I loved every minute of this biopic, especially the chemistry between the leads which felt so authentic.",Positive
"I was absolutely blown away by the cinematography, this comedy exceeded all my expectations.",Positive
"I was absolutely let down by the soundtrack, this crime drama failed to meet even low expectations.",Negative
"What a genuinely disappointing biopic, the acting ruined the whole experience for me.",Negative
"What a genuinely disappointing animated film, the script ruined the whole experience for me.",Negative
"I was absolutely blown away by the cinematography, this drama exceeded all my expectations.",Positive
A poorly crafted animated film that shows a remarkably lack of effort in characters and storytelling.,Negative
A wonderfully crafted sci-fi film that shows incredibly real mastery in special effects and storytelling.,Positive
"Nothing about this war film worked, especially the ending, painfully weak effort overall.",Negative
"This sci-fi film was absolutely brilliant, the visual style kept me hooked from start to finish.",Positive
"This action movie was truly brilliant, the direction kept me hooked from start to finish.",Positive
"This movie's performance is a perfect example of bad filmmaking, absolutely would not recommend.",Negative
"I was remarkably blown away by the special effects, this comedy exceeded all my expectations.",Positive
The characters was so well done that I immediately wanted to watch this horror film again.,Positive
"This thriller was absolutely disappointing, the editing felt lazy and uninspired.",Negative
"What a truly fantastic biopic, the plot was the highlight of my whole week.",Positive
"Terrible drama with weak world building, I couldn't stay engaged for a single scene.",Negative
The characters was so poorly done that I regretted watching this animated film at all.,Negative
"Terrible drama with weak editing, I couldn't stay engaged for a single scene.",Negative
"What a absolutely disappointing crime drama, the world building ruined the whole experience for me.",Negative
The special effects dragged this documentary down into something absolutely forgettable and disappointing.,Negative
"I loved every minute of this horror film, especially the characters which felt so authentic.",Positive
"Terrible thriller with weak acting, I couldn't stay engaged for a single scene.",Negative
"Weak animated film, the direction was confusing and the ending left me genuinely annoyed and unsatisfied.",Negative
"Nothing about this documentary worked, especially the pacing, truly weak effort overall.",Negative
"Everything about this mystery worked, especially the screenplay, wonderfully impressive work.",Positive
"Weak action movie, the visual style was confusing and the ending left me genuinely annoyed and unsatisfied.",Negative
"I was absolutely blown away by the soundtrack, this comedy exceeded all my expectations.",Positive
"Nothing about this fantasy film worked, especially the visual style, painfully weak effort overall.",Negative
The dialogue dragged this war film down into something incredibly forgettable and disappointing.,Negative
"Poorly made biopic, the direction was executed without any real skill or effort.",Negative
"I hated most of this biopic, especially the script which felt so fake and forced.",Negative
"Everything about this romance worked, especially the direction, wonderfully impressive work.",Positive
"This musical was absolutely brilliant, the dialogue kept me hooked from start to finish.",Positive
"A mess of a war film, the performance alone makes it incredibly not worth watching at all.",Negative
The script dragged this musical down into something truly forgettable and disappointing.,Negative
The dialogue was so poorly done that I regretted watching this sci-fi film at all.,Negative
"This romance was wonderfully brilliant, the acting kept me hooked from start to finish.",Positive
"Incredible war film with fantastic script, I couldn't look away for a single second.",Positive
"Incredible fantasy film with fantastic chemistry between the leads, I couldn't look away for a single second.",Positive
The editing was so poorly done that I regretted watching this comedy at all.,Negative
"I hated most of this war film, especially the screenplay which felt so fake and forced.",Negative
"Poorly made thriller, the pacing was executed without any real skill or effort.",Negative
"A mess of a comedy, the screenplay alone makes it painfully not worth watching at all.",Negative
"Weak mystery, the performance was confusing and the ending left me incredibly annoyed and unsatisfied.",Negative
"One of the best movies I've seen this year, truly incredible storyline and a moving experience.",Positive
"I was truly let down by the performance, this fantasy film failed to meet even low expectations.",Negative
A wonderfully crafted horror film that shows absolutely real mastery in soundtrack and storytelling.,Positive
The characters dragged this action movie down into something genuinely forgettable and disappointing.,Negative
"Everything about this biopic worked, especially the world building, incredibly impressive work.",Positive
"Incredible thriller with fantastic characters, I couldn't look away for a single second.",Positive
"Terrible sci-fi film with weak acting, I couldn't stay engaged for a single scene.",Negative
"Everything about this sci-fi film worked, especially the storyline, absolutely impressive work.",Positive
A poorly crafted animated film that shows a incredibly lack of effort in characters and storytelling.,Negative
"Superb animated film, the storyline was engaging and the ending left me speechless in a good way.",Positive
"What a remarkably disappointing horror film, the cinematography ruined the whole experience for me.",Negative
"Superb romance, the characters was engaging and the ending left me speechless in a good way.",Positive
The script dragged this horror film down into something incredibly forgettable and disappointing.,Negative
The storyline was so well done that I immediately wanted to watch this action movie again.,Positive
A wonderfully crafted horror film that shows wonderfully real mastery in world building and storytelling.,Positive
"Weak animated film, the ending was confusing and the ending left me incredibly annoyed and unsatisfied.",Negative
The script elevated this romance into something genuinely special and unforgettable.,Positive
"Incredible biopic with fantastic visual style, I couldn't look away for a single second.",Positive
"I was remarkably blown away by the world building, this action movie exceeded all my expectations.",Positive
"I loved every minute of this horror film, especially the soundtrack which felt so authentic.",Positive
"One of the worst movies I've seen this year, genuinely terrible performance and a boring experience.",Negative
The performance elevated this drama into something incredibly special and unforgettable.,Positive
A poorly crafted animated film that shows a absolutely lack of effort in world building and storytelling.,Negative
"Terrible action movie with weak dialogue, I couldn't stay engaged for a single scene.",Negative
"I loved every minute of this drama, especially the performance which felt so authentic.",Positive
"I was absolutely let down by the cinematography, this sci-fi film failed to meet even low expectations.",Negative
The cinematography was so well done that I immediately wanted to watch this mystery again.,Positive
"Beautifully made sci-fi film, the performance was executed with wonderfully real skill and passion.",Positive
"What a painfully disappointing thriller, the special effects ruined the whole experience for me.",Negative
"Nothing about this mystery worked, especially the screenplay, painfully weak effort overall.",Negative
"Everything about this action movie worked, especially the chemistry between the leads, remarkably impressive work.",Positive
"Terrible drama with weak chemistry between the leads, I couldn't stay engaged for a single scene.",Negative
The storyline was so well done that I immediately wanted to watch this biopic again.,Positive
"Nothing about this romance worked, especially the visual style, remarkably weak effort overall.",Negative
"Nothing about this crime drama worked, especially the script, absolutely weak effort overall.",Negative
A wonderfully crafted fantasy film that shows wonderfully real mastery in editing and storytelling.,Positive
"Beautifully made horror film, the soundtrack was executed with wonderfully real skill and passion.",Positive
"I was remarkably blown away by the ending, this horror film exceeded all my expectations.",Positive
"What a absolutely disappointing thriller, the script ruined the whole experience for me.",Negative
"Poorly made thriller, the performance was executed without any real skill or effort.",Negative
The performance elevated this documentary into something remarkably special and unforgettable.,Positive
"This sci-fi film was remarkably brilliant, the characters kept me hooked from start to finish.",Positive
"Everything about this crime drama worked, especially the world building, remarkably impressive work.",Positive
"Nothing about this sci-fi film worked, especially the storyline, remarkably weak effort overall.",Negative
"I hated most of this comedy, especially the screenplay which felt so fake and forced.",Negative
"This mystery was painfully disappointing, the special effects felt lazy and uninspired.",Negative
A poorly crafted sci-fi film that shows a truly lack of effort in plot and storytelling.,Negative
"I was remarkably blown away by the script, this sci-fi film exceeded all my expectations.",Positive
"What a wonderfully fantastic horror film, the soundtrack was the highlight of my whole week.",Positive
"This biopic was absolutely disappointing, the world building felt lazy and uninspired.",Negative
"I was remarkably let down by the plot, this biopic failed to meet even low expectations.",Negative
"Beautifully made drama, the pacing was executed with truly real skill and passion.",Positive
"What a absolutely fantastic documentary, the plot was the highlight of my whole week.",Positive
"Nothing about this sci-fi film worked, especially the storyline, absolutely weak effort overall.",Negative
"A mess of a sci-fi film, the acting alone makes it remarkably not worth watching at all.",Negative
"Terrible thriller with weak performance, I couldn't stay engaged for a single scene.",Negative
"I loved every minute of this animated film, especially the characters which felt so authentic.",Positive
The visual style was so poorly done that I regretted watching this romance at all.,Negative
A poorly crafted mystery that shows a incredibly lack of effort in soundtrack and storytelling.,Negative
"I was genuinely let down by the soundtrack, this war film failed to meet even low expectations.",Negative
The pacing elevated this sci-fi film into something incredibly special and unforgettable.,Positive
"Terrible mystery with weak performance, I couldn't stay engaged for a single scene.",Negative
"This movie's screenplay is a shining example of great filmmaking, remarkably recommended.",Positive
"A masterpiece of a sci-fi film, the ending alone makes it incredibly worth watching multiple times.",Positive
"Poorly made comedy, the dialogue was executed without any real skill or effort.",Negative
"Superb animated film, the script was engaging and the ending left me speechless in a good way.",Positive
"This musical was truly disappointing, the soundtrack felt lazy and uninspired.",Negative
"One of the best movies I've seen this year, incredibly incredible performance and a moving experience.",Positive
"I was remarkably let down by the chemistry between the leads, this mystery failed to meet even low expectations.",Negative
A poorly crafted war film that shows a remarkably lack of effort in script and storytelling.,Negative
"What a painfully disappointing mystery, the plot ruined the whole experience for me.",Negative
"Beautifully made musical, the visual style was executed with incredibly real skill and passion.",Positive
"Weak romance, the world building was confusing and the ending left me painfully annoyed and unsatisfied.",Negative
"Beautifully made drama, the dialogue was executed with absolutely real skill and passion.",Positive
A wonderfully crafted fantasy film that shows absolutely real mastery in cinematography and storytelling.,Positive
"Nothing about this musical worked, especially the pacing, truly weak effort overall.",Negative
"I was wonderfully blown away by the cinematography, this mystery exceeded all my expectations.",Positive
A wonderfully crafted biopic that shows wonderfully real mastery in cinematography and storytelling.,Positive
"This movie's world building is a perfect example of bad filmmaking, truly would not recommend.",Negative
"Superb horror film, the pacing was engaging and the ending left me speechless in a good way.",Positive
"What a remarkably disappointing sci-fi film, the plot ruined the whole experience for me.",Negative
"Incredible war film with fantastic plot, I couldn't look away for a single second.",Positive
"Everything about this war film worked, especially the storyline, truly impressive work.",Positive
A poorly crafted drama that shows a incredibly lack of effort in script and storytelling.,Negative
"One of the best movies I've seen this year, remarkably incredible ending and a moving experience.",Positive
The script was so well done that I immediately wanted to watch this sci-fi film again.,Positive
"What a absolutely disappointing sci-fi film, the screenplay ruined the whole experience for me.",Negative
"I was absolutely blown away by the pacing, this mystery exceeded all my expectations.",Positive
A wonderfully crafted biopic that shows remarkably real mastery in cinematography and storytelling.,Positive
"A masterpiece of a action movie, the script alone makes it wonderfully worth watching multiple times.",Positive
The chemistry between the leads elevated this crime drama into something truly special and unforgettable.,Positive
"Incredible horror film with fantastic ending, I couldn't look away for a single second.",Positive
"I was genuinely let down by the editing, this war film failed to meet even low expectations.",Negative
The dialogue was so poorly done that I regretted watching this comedy at all.,Negative
"A mess of a war film, the cinematography alone makes it truly not worth watching at all.",Negative
"Weak biopic, the chemistry between the leads was confusing and the ending left me absolutely annoyed and unsatisfied.",Negative
"Terrible drama with weak pacing, I couldn't stay engaged for a single scene.",Negative
"Weak thriller, the world building was confusing and the ending left me truly annoyed and unsatisfied.",Negative
"Weak action movie, the plot was confusing and the ending left me remarkably annoyed and unsatisfied.",Negative
"Poorly made musical, the characters was executed without any real skill or effort.",Negative
A poorly crafted mystery that shows a absolutely lack of effort in script and storytelling.,Negative
"I was absolutely let down by the plot, this animated film failed to meet even low expectations.",Negative
"Weak mystery, the pacing was confusing and the ending left me painfully annoyed and unsatisfied.",Negative
"I was genuinely blown away by the script, this mystery exceeded all my expectations.",Positive
"One of the best movies I've seen this year, incredibly incredible world building and a moving experience.",Positive
"Beautifully made biopic, the storyline was executed with truly real skill and passion.",Positive
A wonderfully crafted drama that shows remarkably real mastery in cinematography and storytelling.,Positive
"I loved every minute of this musical, especially the pacing which felt so authentic.",Positive
"A masterpiece of a thriller, the performance alone makes it truly worth watching multiple times.",Positive
"Nothing about this sci-fi film worked, especially the world building, painfully weak effort overall.",Negative
"I was genuinely blown away by the pacing, this fantasy film exceeded all my expectations.",Positive
The soundtrack elevated this musical into something incredibly special and unforgettable.,Positive
"One of the best movies I've seen this year, truly incredible ending and a moving experience.",Positive
"Superb thriller, the storyline was engaging and the ending left me speechless in a good way.",Positive
A wonderfully crafted documentary that shows genuinely real mastery in world building and storytelling.,Positive
"Nothing about this war film worked, especially the characters, remarkably weak effort overall.",Negative
"This musical was absolutely brilliant, the world building kept me hooked from start to finish.",Positive
"Poorly made action movie, the world building was executed without any real skill or effort.",Negative
"Beautifully made comedy, the chemistry between the leads was executed with truly real skill and passion.",Positive
"This musical was absolutely brilliant, the editing kept me hooked from start to finish.",Positive
"Terrible thriller with weak characters, I couldn't stay engaged for a single scene.",Negative
"I was remarkably let down by the world building, this action movie failed to meet even low expectations.",Negative
The script dragged this animated film down into something remarkably forgettable and disappointing.,Negative
"Terrible sci-fi film with weak screenplay, I couldn't stay engaged for a single scene.",Negative
A poorly crafted action movie that shows a painfully lack of effort in script and storytelling.,Negative
"Poorly made musical, the visual style was executed without any real skill or effort.",Negative
"What a genuinely fantastic war film, the cinematography was the highlight of my whole week.",Positive
"Poorly made romance, the special effects was executed without any real skill or effort.",Negative
"What a remarkably disappointing comedy, the special effects ruined the whole experience for me.",Negative
The world building was so poorly done that I regretted watching this sci-fi film at all.,Negative
"One of the best movies I've seen this year, wonderfully incredible visual style and a moving experience.",Positive
"I loved every minute of this musical, especially the cinematography which felt so authentic.",Positive
"Nothing about this animated film worked, especially the direction, truly weak effort overall.",Negative
"Beautifully made mystery, the characters was executed with absolutely real skill and passion.",Positive
"A masterpiece of a horror film, the script alone makes it truly worth watching multiple times.",Positive
"One of the worst movies I've seen this year, incredibly terrible acting and a boring experience.",Negative
"This movie's acting is a perfect example of bad filmmaking, truly would not recommend.",Negative
A poorly crafted drama that shows a truly lack of effort in performance and storytelling.,Negative
The performance was so poorly done that I regretted watching this mystery at all.,Negative
"Weak action movie, the editing was confusing and the ending left me incredibly annoyed and unsatisfied.",Negative
"Poorly made romance, the screenplay was executed without any real skill or effort.",Negative
"This fantasy film was truly disappointing, the screenplay felt lazy and uninspired.",Negative
"One of the best movies I've seen this year, remarkably incredible screenplay and a moving experience.",Positive
"I loved every minute of this biopic, especially the visual style which felt so authentic.",Positive
"An emotional rollercoaster with brilliant storyline, absolutely one of my favorite films.",Positive
The direction was so poorly done that I regretted watching this drama at all.,Negative
"Everything about this comedy worked, especially the world building, wonderfully impressive work.",Positive
"What a truly fantastic romance, the pacing was the highlight of my whole week.",Positive
A poorly crafted horror film that shows a incredibly lack of effort in soundtrack and storytelling.,Negative
The performance was so poorly done that I regretted watching this fantasy film at all.,Negative
"Nothing about this documentary worked, especially the storyline, remarkably weak effort overall.",Negative
"A mess of a thriller, the visual style alone makes it truly not worth watching at all.",Negative
"A masterpiece of a thriller, the screenplay alone makes it genuinely worth watching multiple times.",Positive
"I loved every minute of this mystery, especially the visual style which felt so authentic.",Positive
"I was truly let down by the acting, this sci-fi film failed to meet even low expectations.",Negative
"I loved every minute of this sci-fi film, especially the script which felt so authentic.",Positive
"What a truly fantastic comedy, the soundtrack was the highlight of my whole week.",Positive
"What a remarkably fantastic thriller, the special effects was the highlight of my whole week.",Positive
The script elevated this biopic into something truly special and unforgettable.,Positive
"This mystery was genuinely disappointing, the chemistry between the leads felt lazy and uninspired.",Negative
"Poorly made horror film, the world building was executed without any real skill or effort.",Negative
"A mess of a drama, the storyline alone makes it absolutely not worth watching at all.",Negative
"I loved every minute of this horror film, especially the screenplay which felt so authentic.",Positive
"I loved every minute of this comedy, especially the plot which felt so authentic.",Positive
"Nothing about this comedy worked, especially the characters, incredibly weak effort overall.",Negative
"Nothing about this thriller worked, especially the visual style, remarkably weak effort overall.",Negative
The characters was so well done that I immediately wanted to watch this crime drama again.,Positive
The storyline dragged this musical down into something incredibly forgettable and disappointing.,Negative
"A masterpiece of a thriller, the acting alone makes it genuinely worth watching multiple times.",Positive
"I hated most of this war film, especially the special effects which felt so fake and forced.",Negative
"This animated film was genuinely brilliant, the special effects kept me hooked from start to finish.",Positive
"What a truly fantastic biopic, the editing was the highlight of my whole week.",Positive
The acting was so poorly done that I regretted watching this sci-fi film at all.,Negative
The plot dragged this musical down into something painfully forgettable and disappointing.,Negative
"I hated most of this biopic, especially the pacing which felt so fake and forced.",Negative
"I was absolutely let down by the performance, this sci-fi film failed to meet even low expectations.",Negative
"Poorly made animated film, the direction was executed without any real skill or effort.",Negative
"A mess of a romance, the storyline alone makes it incredibly not worth watching at all.",Negative
The storyline was so poorly done that I regretted watching this thriller at all.,Negative
The performance elevated this romance into something genuinely special and unforgettable.,Positive
"I was genuinely blown away by the chemistry between the leads, this mystery exceeded all my expectations.",Positive
"What a painfully disappointing crime drama, the dialogue ruined the whole experience for me.",Negative
"One of the best movies I've seen this year, truly incredible script and a moving experience.",Positive
The visual style was so well done that I immediately wanted to watch this sci-fi film again.,Positive
"A frustrating watch with awful plot, genuinely one of my least favorite films.",Negative
"Beautifully made comedy, the plot was executed with genuinely real skill and passion.",Positive
"Superb comedy, the storyline was engaging and the ending left me speechless in a good way.",Positive
"Beautifully made crime drama, the cinematography was executed with remarkably real skill and passion.",Positive
"A mess of a musical, the storyline alone makes it absolutely not worth watching at all.",Negative
"Beautifully made horror film, the pacing was executed with incredibly real skill and passion.",Positive
"I was genuinely blown away by the soundtrack, this crime drama exceeded all my expectations.",Positive
"Weak action movie, the ending was confusing and the ending left me painfully annoyed and unsatisfied.",Negative
"This musical was wonderfully brilliant, the script kept me hooked from start to finish.",Positive
"A mess of a thriller, the plot alone makes it remarkably not worth watching at all.",Negative
"I hated most of this musical, especially the storyline which felt so fake and forced.",Negative
The plot was dreadful and the story dragged on incredibly after a promising start.,Negative
"Nothing about this mystery worked, especially the editing, absolutely weak effort overall.",Negative
"Incredible documentary with fantastic world building, I couldn't look away for a single second.",Positive
A wonderfully crafted thriller that shows absolutely real mastery in dialogue and storytelling.,Positive
"This movie's plot is a perfect example of bad filmmaking, painfully would not recommend.",Negative
The script dragged this documentary down into something absolutely forgettable and disappointing.,Negative
A poorly crafted sci-fi film that shows a absolutely lack of effort in plot and storytelling.,Negative
"What a absolutely fantastic crime drama, the plot was the highlight of my whole week.",Positive
"This thriller was truly disappointing, the performance felt lazy and uninspired.",Negative
"What a wonderfully fantastic fantasy film, the editing was the highlight of my whole week.",Positive
"Terrible drama with weak characters, I couldn't stay engaged for a single scene.",Negative
"One of the best movies I've seen this year, incredibly incredible editing and a moving experience.",Positive
"I hated most of this sci-fi film, especially the soundtrack which felt so fake and forced.",Negative
"A mess of a horror film, the dialogue alone makes it genuinely not worth watching at all.",Negative
A poorly crafted documentary that shows a truly lack of effort in visual style and storytelling.,Negative
"Nothing about this musical worked, especially the performance, truly weak effort overall.",Negative
"An emotional rollercoaster with brilliant soundtrack, remarkably one of my favorite films.",Positive
"Everything about this crime drama worked, especially the chemistry between the leads, remarkably impressive work.",Positive
"A mess of a crime drama, the chemistry between the leads alone makes it painfully not worth watching at all.",Negative
The plot elevated this comedy into something wonderfully special and unforgettable.,Positive
A poorly crafted action movie that shows a truly lack of effort in characters and storytelling.,Negative
"Beautifully made thriller, the performance was executed with wonderfully real skill and passion.",Positive
"I was truly let down by the direction, this war film failed to meet even low expectations.",Negative
"Terrible action movie with weak pacing, I couldn't stay engaged for a single scene.",Negative
"Poorly made romance, the storyline was executed without any real skill or effort.",Negative
"Poorly made musical, the plot was executed without any real skill or effort.",Negative
"An emotional rollercoaster with brilliant special effects, wonderfully one of my favorite films.",Positive
"Everything about this thriller worked, especially the plot, remarkably impressive work.",Positive
"Incredible musical with fantastic storyline, I couldn't look away for a single second.",Positive
"I loved every minute of this documentary, especially the chemistry between the leads which felt so authentic.",Positive
"Beautifully made comedy, the cinematography was executed with truly real skill and passion.",Positive
A wonderfully crafted drama that shows remarkably real mastery in soundtrack and storytelling.,Positive
"One of the worst movies I've seen this year, absolutely terrible special effects and a boring experience.",Negative
"I hated most of this musical, especially the chemistry between the leads which felt so fake and forced.",Negative
"Everything about this horror film worked, especially the world building, incredibly impressive work.",Positive
"Terrible crime drama with weak chemistry between the leads, I couldn't stay engaged for a single scene.",Negative
"What a truly disappointing crime drama, the script ruined the whole experience for me.",Negative
"Nothing about this drama worked, especially the plot, painfully weak effort overall.",Negative
The performance dragged this fantasy film down into something absolutely forgettable and disappointing.,Negative
"This movie's pacing is a shining example of great filmmaking, remarkably recommended.",Positive
"This drama was truly disappointing, the script felt lazy and uninspired.",Negative
"I was incredibly let down by the storyline, this romance failed to meet even low expectations.",Negative
"This animated film was truly disappointing, the soundtrack felt lazy and uninspired.",Negative
"Poorly made animated film, the performance was executed without any real skill or effort.",Negative
The visual style was so poorly done that I regretted watching this animated film at all.,Negative
The script was so poorly done that I regretted watching this comedy at all.,Negative
"What a remarkably fantastic animated film, the dialogue was the highlight of my whole week.",Positive
"A masterpiece of a comedy, the editing alone makes it absolutely worth watching multiple times.",Positive
"Nothing about this musical worked, especially the screenplay, remarkably weak effort overall.",Negative
The script dragged this thriller down into something remarkably forgettable and disappointing.,Negative
"Beautifully made action movie, the soundtrack was executed with wonderfully real skill and passion.",Positive
The performance was dreadful and the story dragged on absolutely after a promising start.,Negative
"I hated most of this comedy, especially the ending which felt so fake and forced.",Negative
"I was remarkably blown away by the cinematography, this crime drama exceeded all my expectations.",Positive
A poorly crafted biopic that shows a incredibly lack of effort in special effects and storytelling.,Negative
"Beautifully made biopic, the script was executed with truly real skill and passion.",Positive
"I was absolutely blown away by the screenplay, this fantasy film exceeded all my expectations.",Positive
"This mystery was absolutely disappointing, the pacing felt lazy and uninspired.",Negative
"A mess of a crime drama, the world building alone makes it painfully not worth watching at all.",Negative
"Incredible comedy with fantastic screenplay, I couldn't look away for a single second.",Positive
"Weak crime drama, the soundtrack was confusing and the ending left me absolutely annoyed and unsatisfied.",Negative
"This movie's editing is a perfect example of bad filmmaking, truly would not recommend.",Negative
"One of the best movies I've seen this year, absolutely incredible ending and a moving experience.",Positive
"I loved every minute of this musical, especially the dialogue which felt so authentic.",Positive
"This action movie was genuinely brilliant, the script kept me hooked from start to finish.",Positive
"Superb documentary, the characters was engaging and the ending left me speechless in a good way.",Positive
"Beautifully made mystery, the direction was executed with remarkably real skill and passion.",Positive
"I loved every minute of this horror film, especially the acting which felt so authentic.",Positive
A poorly crafted animated film that shows a remarkably lack of effort in special effects and storytelling.,Negative
"Nothing about this thriller worked, especially the direction, truly weak effort overall.",Negative
"I was remarkably blown away by the characters, this documentary exceeded all my expectations.",Positive
"This drama was truly brilliant, the script kept me hooked from start to finish.",Positive
"Weak horror film, the direction was confusing and the ending left me remarkably annoyed and unsatisfied.",Negative
"Terrible fantasy film with weak ending, I couldn't stay engaged for a single scene.",Negative
"I hated most of this animated film, especially the cinematography which felt so fake and forced.",Negative
"Incredible thriller with fantastic storyline, I couldn't look away for a single second.",Positive
"Beautifully made action movie, the screenplay was executed with remarkably real skill and passion.",Positive
"This sci-fi film was truly disappointing, the performance felt lazy and uninspired.",Negative
The dialogue was so poorly done that I regretted watching this musical at all.,Negative
"Poorly made crime drama, the screenplay was executed without any real skill or effort.",Negative
"This movie's dialogue is a perfect example of bad filmmaking, absolutely would not recommend.",Negative
"An emotional rollercoaster with brilliant characters, genuinely one of my favorite films.",Positive
"Incredible animated film with fantastic chemistry between the leads, I couldn't look away for a single second.",Positive
"I loved every minute of this thriller, especially the cinematography which felt so authentic.",Positive
"I was absolutely let down by the acting, this documentary failed to meet even low expectations.",Negative
The performance was dreadful and the story dragged on painfully after a promising start.,Negative
"Beautifully made documentary, the storyline was executed with wonderfully real skill and passion.",Positive
"Terrible horror film with weak visual style, I couldn't stay engaged for a single scene.",Negative
"Terrible biopic with weak ending, I couldn't stay engaged for a single scene.",Negative
The special effects was so well done that I immediately wanted to watch this war film again.,Positive
A poorly crafted fantasy film that shows a truly lack of effort in script and storytelling.,Negative
"Weak mystery, the plot was confusing and the ending left me painfully annoyed and unsatisfied.",Negative
"This thriller was incredibly disappointing, the ending felt lazy and uninspired.",Negative
"I hated most of this biopic, especially the storyline which felt so fake and forced.",Negative
"A mess of a thriller, the special effects alone makes it genuinely not worth watching at all.",Negative
"I was painfully let down by the dialogue, this romance failed to meet even low expectations.",Negative
"Terrible comedy with weak acting, I couldn't stay engaged for a single scene.",Negative
The acting was dreadful and the story dragged on remarkably after a promising start.,Negative
"Poorly made mystery, the characters was executed without any real skill or effort.",Negative
"This sci-fi film was incredibly brilliant, the cinematography kept me hooked from start to finish.",Positive
"What a wonderfully fantastic comedy, the visual style was the highlight of my whole week.",Positive
"Nothing about this animated film worked, especially the world building, painfully weak effort overall.",Negative
"Weak drama, the script was confusing and the ending left me absolutely annoyed and unsatisfied.",Negative
The editing was so poorly done that I regretted watching this war film at all.,Negative
A poorly crafted thriller that shows a absolutely lack of effort in characters and storytelling.,Negative
"What a incredibly disappointing horror film, the world building ruined the whole experience for me.",Negative
"This sci-fi film was remarkably brilliant, the dialogue kept me hooked from start to finish.",Positive
"Incredible horror film with fantastic world building, I couldn't look away for a single second.",Positive
A poorly crafted sci-fi film that shows a remarkably lack of effort in chemistry between the leads and storytelling.,Negative
"Superb fantasy film, the cinematography was engaging and the ending left me speechless in a good way.",Positive
"Poorly made war film, the cinematography was executed without any real skill or effort.",Negative
"Nothing about this romance worked, especially the cinematography, painfully weak effort overall.",Negative
"An emotional rollercoaster with brilliant direction, incredibly one of my favorite films.",Positive
The chemistry between the leads was dreadful and the story dragged on painfully after a promising start.,Negative
A poorly crafted drama that shows a absolutely lack of effort in soundtrack and storytelling.,Negative
The script was so well done that I immediately wanted to watch this crime drama again.,Positive
"I was remarkably let down by the script, this fantasy film failed to meet even low expectations.",Negative
"I was remarkably let down by the script, this mystery failed to meet even low expectations.",Negative
The script was so well done that I immediately wanted to watch this thriller again.,Positive
"I was absolutely blown away by the world building, this fantasy film exceeded all my expectations.",Positive
A poorly crafted action movie that shows a painfully lack of effort in acting and storytelling.,Negative
The chemistry between the leads elevated this war film into something absolutely special and unforgettable.,Positive
"Superb war film, the performance was engaging and the ending left me speechless in a good way.",Positive
"Incredible crime drama with fantastic plot, I couldn't look away for a single second.",Positive
"I hated most of this musical, especially the characters which felt so fake and forced.",Negative
A wonderfully crafted thriller that shows incredibly real mastery in pacing and storytelling.,Positive
"Everything about this fantasy film worked, especially the screenplay, absolutely impressive work.",Positive
"Beautifully made war film, the cinematography was executed with incredibly real skill and passion.",Positive
"Beautifully made sci-fi film, the editing was executed with wonderfully real skill and passion.",Positive
"This movie's pacing is a perfect example of bad filmmaking, absolutely would not recommend.",Negative
"This biopic was remarkably brilliant, the soundtrack kept me hooked from start to finish.",Positive
The acting elevated this documentary into something absolutely special and unforgettable.,Positive
"What a absolutely fantastic sci-fi film, the plot was the highlight of my whole week.",Positive
"Beautifully made comedy, the script was executed with absolutely real skill and passion.",Positive
"Nothing about this horror film worked, especially the cinematography, painfully weak effort overall.",Negative
"This horror film was genuinely brilliant, the storyline kept me hooked from start to finish.",Positive
"One of the worst movies I've seen this year, absolutely terrible script and a boring experience.",Negative
"A mess of a biopic, the script alone makes it truly not worth watching at all.",Negative
"Terrible romance with weak visual style, I couldn't stay engaged for a single scene.",Negative
"I was remarkably let down by the dialogue, this comedy failed to meet even low expectations.",Negative
A wonderfully crafted action movie that shows genuinely real mastery in performance and storytelling.,Positive
"What a incredibly disappointing crime drama, the screenplay ruined the whole experience for me.",Negative
The editing elevated this action movie into something remarkably special and unforgettable.,Positive
The characters elevated this fantasy film into something genuinely special and unforgettable.,Positive
"Nothing about this sci-fi film worked, especially the direction, remarkably weak effort overall.",Negative
"Nothing about this war film worked, especially the soundtrack, remarkably weak effort overall.",Negative
"One of the best movies I've seen this year, absolutely incredible plot and a moving experience.",Positive
The script elevated this musical into something truly special and unforgettable.,Positive
"Beautifully made comedy, the direction was executed with genuinely real skill and passion.",Positive
"This thriller was truly brilliant, the special effects kept me hooked from start to finish.",Positive
"What a absolutely disappointing fantasy film, the dialogue ruined the whole experience for me.",Negative
"I loved every minute of this sci-fi film, especially the performance which felt so authentic.",Positive
"I was genuinely blown away by the script, this documentary exceeded all my expectations.",Positive
"I was remarkably blown away by the cinematography, this comedy exceeded all my expectations.",Positive
"Nothing about this drama worked, especially the ending, absolutely weak effort overall.",Negative
"What a incredibly disappointing action movie, the plot ruined the whole experience for me.",Negative
"An emotional rollercoaster with brilliant pacing, genuinely one of my favorite films.",Positive
"Everything about this comedy worked, especially the plot, remarkably impressive work.",Positive
"Beautifully made fantasy film, the pacing was executed with genuinely real skill and passion.",Positive
"What a incredibly fantastic thriller, the soundtrack was the highlight of my whole week.",Positive
The direction dragged this fantasy film down into something truly forgettable and disappointing.,Negative
"Nothing about this horror film worked, especially the cinematography, truly weak effort overall.",Negative
"Poorly made sci-fi film, the plot was executed without any real skill or effort.",Negative
"I loved every minute of this thriller, especially the soundtrack which felt so authentic.",Positive
"What a painfully disappointing sci-fi film, the visual style ruined the whole experience for me.",Negative
"I was painfully let down by the chemistry between the leads, this action movie failed to meet even low expectations.",Negative
The cinematography was so well done that I immediately wanted to watch this war film again.,Positive
"A masterpiece of a crime drama, the screenplay alone makes it remarkably worth watching multiple times.",Positive
The pacing was so poorly done that I regretted watching this documentary at all.,Negative
"Weak comedy, the acting was confusing and the ending left me absolutely annoyed and unsatisfied.",Negative
"This animated film was remarkably brilliant, the soundtrack kept me hooked from start to finish.",Positive
"I loved every minute of this documentary, especially the special effects which felt so authentic.",Positive
A poorly crafted action movie that shows a truly lack of effort in ending and storytelling.,Negative
"Everything about this comedy worked, especially the special effects, wonderfully impressive work.",Positive
The visual style elevated this documentary into something incredibly special and unforgettable.,Positive
"What a remarkably fantastic biopic, the chemistry between the leads was the highlight of my whole week.",Positive
"I loved every minute of this musical, especially the ending which felt so authentic.",Positive
"What a genuinely fantastic horror film, the direction was the highlight of my whole week.",Positive
The dialogue dragged this action movie down into something remarkably forgettable and disappointing.,Negative
The dialogue elevated this musical into something absolutely special and unforgettable.,Positive
"I was remarkably let down by the pacing, this comedy failed to meet even low expectations.",Negative
"This sci-fi film was truly brilliant, the chemistry between the leads kept me hooked from start to finish.",Positive
"I loved every minute of this mystery, especially the plot which felt so authentic.",Positive
"Weak action movie, the performance was confusing and the ending left me genuinely annoyed and unsatisfied.",Negative
"Superb war film, the pacing was engaging and the ending left me speechless in a good way.",Positive
"What a painfully disappointing drama, the direction ruined the whole experience for me.",Negative
"This mystery was incredibly disappointing, the screenplay felt lazy and uninspired.",Negative
"This action movie was genuinely disappointing, the direction felt lazy and uninspired.",Negative
The characters was dreadful and the story dragged on remarkably after a promising start.,Negative
"Incredible horror film with fantastic performance, I couldn't look away for a single second.",Positive
"Incredible sci-fi film with fantastic visual style, I couldn't look away for a single second.",Positive
"A frustrating watch with awful pacing, genuinely one of my least favorite films.",Negative
"Weak fantasy film, the dialogue was confusing and the ending left me absolutely annoyed and unsatisfied.",Negative
"Superb crime drama, the ending was engaging and the ending left me speechless in a good way.",Positive
"Superb musical, the dialogue was engaging and the ending left me speechless in a good way.",Positive
"One of the worst movies I've seen this year, remarkably terrible special effects and a boring experience.",Negative
"Beautifully made comedy, the acting was executed with incredibly real skill and passion.",Positive
"A mess of a action movie, the chemistry between the leads alone makes it absolutely not worth watching at all.",Negative
The special effects dragged this action movie down into something incredibly forgettable and disappointing.,Negative
The storyline dragged this war film down into something absolutely forgettable and disappointing.,Negative
"Terrible comedy with weak world building, I couldn't stay engaged for a single scene.",Negative
"Incredible biopic with fantastic script, I couldn't look away for a single second.",Positive
"Poorly made romance, the script was executed without any real skill or effort.",Negative
"A frustrating watch with awful world building, remarkably one of my least favorite films.",Negative
"This mystery was truly brilliant, the editing kept me hooked from start to finish.",Positive
"What a genuinely fantastic animated film, the editing was the highlight of my whole week.",Positive
"This animated film was painfully disappointing, the characters felt lazy and uninspired.",Negative
"What a truly fantastic romance, the storyline was the highlight of my whole week.",Positive
"Terrible horror film with weak characters, I couldn't stay engaged for a single scene.",Negative
"I was absolutely let down by the screenplay, this thriller failed to meet even low expectations.",Negative
"A masterpiece of a documentary, the editing alone makes it truly worth watching multiple times.",Positive
"A masterpiece of a animated film, the soundtrack alone makes it truly worth watching multiple times.",Positive
"A mess of a horror film, the performance alone makes it truly not worth watching at all.",Negative
"Everything about this thriller worked, especially the visual style, incredibly impressive work.",Positive
"I was wonderfully blown away by the visual style, this comedy exceeded all my expectations.",Positive
"Weak fantasy film, the acting was confusing and the ending left me absolutely annoyed and unsatisfied.",Negative
"I was wonderfully blown away by the script, this war film exceeded all my expectations.",Positive
"A mess of a crime drama, the ending alone makes it absolutely not worth watching at all.",Negative
"I hated most of this mystery, especially the dialogue which felt so fake and forced.",Negative
"Everything about this drama worked, especially the screenplay, absolutely impressive work.",Positive
"Beautifully made horror film, the performance was executed with genuinely real skill and passion.",Positive
"Weak animated film, the storyline was confusing and the ending left me absolutely annoyed and unsatisfied.",Negative
A poorly crafted romance that shows a genuinely lack of effort in chemistry between the leads and storytelling.,Negative
"What a truly disappointing drama, the cinematography ruined the whole experience for me.",Negative
"Beautifully made documentary, the script was executed with absolutely real skill and passion.",Positive
"Everything about this documentary worked, especially the dialogue, remarkably impressive work.",Positive
"A masterpiece of a biopic, the ending alone makes it incredibly worth watching multiple times.",Positive
The screenplay was so poorly done that I regretted watching this thriller at all.,Negative
A poorly crafted sci-fi film that shows a remarkably lack of effort in script and storytelling.,Negative
"A mess of a war film, the characters alone makes it incredibly not worth watching at all.",Negative
"I was wonderfully blown away by the chemistry between the leads, this horror film exceeded all my expectations.",Positive
"I hated most of this thriller, especially the script which felt so fake and forced.",Negative
The world building was so well done that I immediately wanted to watch this biopic again.,Positive
"I hated most of this sci-fi film, especially the chemistry between the leads which felt so fake and forced.",Negative
A wonderfully crafted mystery that shows wonderfully real mastery in performance and storytelling.,Positive
The soundtrack dragged this romance down into something painfully forgettable and disappointing.,Negative
The world building dragged this mystery down into something painfully forgettable and disappointing.,Negative
The plot dragged this drama down into something painfully forgettable and disappointing.,Negative
"Incredible comedy with fantastic chemistry between the leads, I couldn't look away for a single second.",Positive
"I was genuinely let down by the cinematography, this drama failed to meet even low expectations.",Negative
"This movie's visual style is a shining example of great filmmaking, wonderfully recommended.",Positive
The acting was dreadful and the story dragged on genuinely after a promising start.,Negative
A wonderfully crafted documentary that shows wonderfully real mastery in plot and storytelling.,Positive
"This movie's direction is a perfect example of bad filmmaking, genuinely would not recommend.",Negative
A wonderfully crafted musical that shows remarkably real mastery in cinematography and storytelling.,Positive
"Beautifully made thriller, the characters was executed with remarkably real skill and passion.",Positive
"This comedy was genuinely brilliant, the visual style kept me hooked from start to finish.",Positive
"This musical was genuinely disappointing, the visual style felt lazy and uninspired.",Negative
"What a remarkably fantastic romance, the special effects was the highlight of my whole week.",Positive
"Incredible sci-fi film with fantastic performance, I couldn't look away for a single second.",Positive
"Beautifully made action movie, the storyline was executed with genuinely real skill and passion.",Positive
"An emotional rollercoaster with brilliant cinematography, wonderfully one of my favorite films.",Positive
"Nothing about this horror film worked, especially the direction, truly weak effort overall.",Negative
"Terrible sci-fi film with weak performance, I couldn't stay engaged for a single scene.",Negative
"I was genuinely blown away by the acting, this musical exceeded all my expectations.",Positive
"This movie's soundtrack is a shining example of great filmmaking, wonderfully recommended.",Positive
"Everything about this horror film worked, especially the acting, remarkably impressive work.",Positive
"A mess of a crime drama, the visual style alone makes it remarkably not worth watching at all.",Negative
"I loved every minute of this action movie, especially the dialogue which felt so authentic.",Positive
"Superb musical, the cinematography was engaging and the ending left me speechless in a good way.",Positive
"I was truly blown away by the ending, this animated film exceeded all my expectations.",Positive
"Weak mystery, the soundtrack was confusing and the ending left me incredibly annoyed and unsatisfied.",Negative
"I was genuinely let down by the dialogue, this action movie failed to meet even low expectations.",Negative
The cinematography dragged this action movie down into something truly forgettable and disappointing.,Negative
"I hated most of this thriller, especially the soundtrack which felt so fake and forced.",Negative
"I hated most of this war film, especially the ending which felt so fake and forced.",Negative
"I loved every minute of this comedy, especially the soundtrack which felt so authentic.",Positive
"Nothing about this drama worked, especially the characters, truly weak effort overall.",Negative
"Beautifully made drama, the ending was executed with incredibly real skill and passion.",Positive
"I was incredibly blown away by the acting, this romance exceeded all my expectations.",Positive
"Everything about this war film worked, especially the special effects, remarkably impressive work.",Positive
A poorly crafted comedy that shows a incredibly lack of effort in chemistry between the leads and storytelling.,Negative
"Beautifully made drama, the chemistry between the leads was executed with truly real skill and passion.",Positive
"This movie's direction is a shining example of great filmmaking, absolutely recommended.",Positive
"A masterpiece of a thriller, the characters alone makes it incredibly worth watching multiple times.",Positive
"Beautifully made biopic, the plot was executed with truly real skill and passion.",Positive
"This drama was truly disappointing, the pacing felt lazy and uninspired.",Negative
The script elevated this romance into something truly special and unforgettable.,Positive
"A masterpiece of a musical, the acting alone makes it wonderfully worth watching multiple times.",Positive
"I was absolutely let down by the dialogue, this biopic failed to meet even low expectations.",Negative
"Weak drama, the characters was confusing and the ending left me incredibly annoyed and unsatisfied.",Negative
"I hated most of this thriller, especially the world building which felt so fake and forced.",Negative
"Terrible romance with weak ending, I couldn't stay engaged for a single scene.",Negative
"Beautifully made thriller, the acting was executed with absolutely real skill and passion.",Positive
"This movie's ending is a shining example of great filmmaking, remarkably recommended.",Positive
The soundtrack was so poorly done that I regretted watching this sci-fi film at all.,Negative
"Poorly made drama, the storyline was executed without any real skill or effort.",Negative
The cinematography dragged this biopic down into something painfully forgettable and disappointing.,Negative
The plot dragged this sci-fi film down into something genuinely forgettable and disappointing.,Negative
"Weak comedy, the cinematography was confusing and the ending left me remarkably annoyed and unsatisfied.",Negative
"Weak crime drama, the storyline was confusing and the ending left me genuinely annoyed and unsatisfied.",Negative
"A masterpiece of a musical, the plot alone makes it incredibly worth watching multiple times.",Positive
"Nothing about this thriller worked, especially the direction, absolutely weak effort overall.",Negative
"A masterpiece of a war film, the visual style alone makes it wonderfully worth watching multiple times.",Positive
"One of the worst movies I've seen this year, truly terrible dialogue and a boring experience.",Negative
"This crime drama was genuinely brilliant, the ending kept me hooked from start to finish.",Positive
"Terrible comedy with weak direction, I couldn't stay engaged for a single scene.",Negative
"A mess of a fantasy film, the chemistry between the leads alone makes it absolutely not worth watching at all.",Negative
A poorly crafted documentary that shows a incredibly lack of effort in world building and storytelling.,Negative
"Weak horror film, the script was confusing and the ending left me remarkably annoyed and unsatisfied.",Negative
"Weak fantasy film, the special effects was confusing and the ending left me incredibly annoyed and unsatisfied.",Negative
"Everything about this sci-fi film worked, especially the editing, incredibly impressive work.",Positive
The chemistry between the leads dragged this thriller down into something truly forgettable and disappointing.,Negative
"Everything about this musical worked, especially the script, incredibly impressive work.",Positive
The pacing dragged this horror film down into something painfully forgettable and disappointing.,Negative
"Superb romance, the special effects was engaging and the ending left me speechless in a good way.",Positive
"Terrible thriller with weak ending, I couldn't stay engaged for a single scene.",Negative
The storyline was so well done that I immediately wanted to watch this crime drama again.,Positive
"This thriller was truly disappointing, the script felt lazy and uninspired.",Negative
"A mess of a thriller, the editing alone makes it absolutely not worth watching at all.",Negative
"This sci-fi film was remarkably disappointing, the chemistry between the leads felt lazy and uninspired.",Negative
A wonderfully crafted crime drama that shows absolutely real mastery in performance and storytelling.,Positive
"I hated most of this animated film, especially the pacing which felt so fake and forced.",Negative
"One of the best movies I've seen this year, wonderfully incredible script and a moving experience.",Positive
"A frustrating watch with awful screenplay, incredibly one of my least favorite films.",Negative
"I loved every minute of this biopic, especially the pacing which felt so authentic.",Positive
"What a truly disappointing romance, the cinematography ruined the whole experience for me.",Negative
"This movie's screenplay is a perfect example of bad filmmaking, remarkably would not recommend.",Negative
"A masterpiece of a biopic, the chemistry between the leads alone makes it truly worth watching multiple times.",Positive
"Weak romance, the ending was confusing and the ending left me remarkably annoyed and unsatisfied.",Negative
"Nothing about this comedy worked, especially the special effects, painfully weak effort overall.",Negative
"I was genuinely blown away by the world building, this fantasy film exceeded all my expectations.",Positive
"I hated most of this thriller, especially the characters which felt so fake and forced.",Negative
"What a remarkably disappointing war film, the chemistry between the leads ruined the whole experience for me.",Negative
"Superb mystery, the dialogue was engaging and the ending left me speechless in a good way.",Positive
"A mess of a musical, the soundtrack alone makes it absolutely not worth watching at all.",Negative
A wonderfully crafted animated film that shows incredibly real mastery in performance and storytelling.,Positive
"Poorly made fantasy film, the world building was executed without any real skill or effort.",Negative
"I was remarkably blown away by the visual style, this drama exceeded all my expectations.",Positive
"Beautifully made romance, the performance was executed with genuinely real skill and passion.",Positive
"Beautifully made drama, the screenplay was executed with remarkably real skill and passion.",Positive
"This crime drama was incredibly disappointing, the cinematography felt lazy and uninspired.",Negative
"Terrible musical with weak plot, I couldn't stay engaged for a single scene.",Negative
A wonderfully crafted fantasy film that shows absolutely real mastery in world building and storytelling.,Positive
"This movie's dialogue is a shining example of great filmmaking, remarkably recommended.",Positive
"This war film was genuinely disappointing, the screenplay felt lazy and uninspired.",Negative
"Weak fantasy film, the chemistry between the leads was confusing and the ending left me incredibly annoyed and unsatisfied.",Negative
"Beautifully made musical, the cinematography was executed with remarkably real skill and passion.",Positive
"This crime drama was remarkably disappointing, the soundtrack felt lazy and uninspired.",Negative
"This movie's acting is a shining example of great filmmaking, wonderfully recommended.",Positive
A poorly crafted action movie that shows a genuinely lack of effort in ending and storytelling.,Negative
A poorly crafted animated film that shows a absolutely lack of effort in screenplay and storytelling.,Negative
"What a truly fantastic war film, the cinematography was the highlight of my whole week.",Positive
The acting dragged this romance down into something truly forgettable and disappointing.,Negative
The screenplay was so well done that I immediately wanted to watch this mystery again.,Positive
"One of the worst movies I've seen this year, absolutely terrible direction and a boring experience.",Negative
"I was absolutely let down by the performance, this fantasy film failed to meet even low expectations.",Negative
"One of the best movies I've seen this year, incredibly incredible chemistry between the leads and a moving experience.",Positive
"Beautifully made biopic, the screenplay was executed with remarkably real skill and passion.",Positive
"This comedy was incredibly disappointing, the storyline felt lazy and uninspired.",Negative
The cinematography elevated this thriller into something wonderfully special and unforgettable.,Positive
"What a genuinely disappointing war film, the cinematography ruined the whole experience for me.",Negative
"This comedy was painfully disappointing, the cinematography felt lazy and uninspired.",Negative
"A mess of a romance, the visual style alone makes it remarkably not worth watching at all.",Negative
A poorly crafted biopic that shows a genuinely lack of effort in visual style and storytelling.,Negative
"What a incredibly disappointing action movie, the ending ruined the whole experience for me.",Negative
The acting was so poorly done that I regretted watching this mystery at all.,Negative
"Weak romance, the special effects was confusing and the ending left me painfully annoyed and unsatisfied.",Negative
"I loved every minute of this musical, especially the editing which felt so authentic.",Positive
"Terrible drama with weak special effects, I couldn't stay engaged for a single scene.",Negative
"This movie's screenplay is a perfect example of bad filmmaking, truly would not recommend.",Negative
"Beautifully made war film, the direction was executed with genuinely real skill and passion.",Positive
"This movie's visual style is a perfect example of bad filmmaking, truly would not recommend.",Negative
"A mess of a sci-fi film, the direction alone makes it absolutely not worth watching at all.",Negative
"Weak fantasy film, the screenplay was confusing and the ending left me remarkably annoyed and unsatisfied.",Negative
"Nothing about this fantasy film worked, especially the world building, remarkably weak effort overall.",Negative
"What a painfully disappointing drama, the screenplay ruined the whole experience for me.",Negative
"Everything about this documentary worked, especially the performance, genuinely impressive work.",Positive
"Poorly made action movie, the visual style was executed without any real skill or effort.",Negative
"Terrible documentary with weak ending, I couldn't stay engaged for a single scene.",Negative
The plot was so poorly done that I regretted watching this romance at all.,Negative
"I was absolutely let down by the performance, this comedy failed to meet even low expectations.",Negative
"Beautifully made sci-fi film, the direction was executed with genuinely real skill and passion.",Positive
"Weak comedy, the storyline was confusing and the ending left me genuinely annoyed and unsatisfied.",Negative
"Weak crime drama, the dialogue was confusing and the ending left me painfully annoyed and unsatisfied.",Negative
"What a incredibly fantastic drama, the storyline was the highlight of my whole week.",Positive
"Beautifully made thriller, the dialogue was executed with absolutely real skill and passion.",Positive
"This horror film was remarkably disappointing, the soundtrack felt lazy and uninspired.",Negative
"This romance was remarkably disappointing, the world building felt lazy and uninspired.",Negative
"Terrible biopic with weak pacing, I couldn't stay engaged for a single scene.",Negative
"A mess of a crime drama, the acting alone makes it truly not worth watching at all.",Negative
"Everything about this crime drama worked, especially the performance, wonderfully impressive work.",Positive
A poorly crafted horror film that shows a absolutely lack of effort in special effects and storytelling.,Negative
The characters elevated this thriller into something incredibly special and unforgettable.,Positive
"What a genuinely disappointing action movie, the performance ruined the whole experience for me.",Negative
"I was incredibly blown away by the pacing, this musical exceeded all my expectations.",Positive
"I loved every minute of this crime drama, especially the special effects which felt so authentic.",Positive
The editing was so poorly done that I regretted watching this animated film at all.,Negative
"A frustrating watch with awful special effects, incredibly one of my least favorite films.",Negative
"Weak action movie, the screenplay was confusing and the ending left me truly annoyed and unsatisfied.",Negative
"I was absolutely blown away by the pacing, this action movie exceeded all my expectations.",Positive
"Everything about this war film worked, especially the soundtrack, incredibly impressive work.",Positive
"This crime drama was absolutely brilliant, the world building kept me hooked from start to finish.",Positive
"I loved every minute of this crime drama, especially the dialogue which felt so authentic.",Positive
"Beautifully made documentary, the world building was executed with remarkably real skill and passion.",Positive
"I hated most of this animated film, especially the characters which felt so fake and forced.",Negative
"A masterpiece of a sci-fi film, the world building alone makes it wonderfully worth watching multiple times.",Positive
"An emotional rollercoaster with brilliant plot, wonderfully one of my favorite films.",Positive
The screenplay elevated this fantasy film into something absolutely special and unforgettable.,Positive
"I hated most of this comedy, especially the editing which felt so fake and forced.",Negative
"I loved every minute of this sci-fi film, especially the dialogue which felt so authentic.",Positive
"Nothing about this crime drama worked, especially the pacing, remarkably weak effort overall.",Negative
The direction elevated this fantasy film into something wonderfully special and unforgettable.,Positive
"A masterpiece of a fantasy film, the characters alone makes it absolutely worth watching multiple times.",Positive
A poorly crafted comedy that shows a painfully lack of effort in chemistry between the leads and storytelling.,Negative
"A masterpiece of a fantasy film, the pacing alone makes it incredibly worth watching multiple times.",Positive
A poorly crafted crime drama that shows a truly lack of effort in visual style and storytelling.,Negative
The soundtrack dragged this musical down into something incredibly forgettable and disappointing.,Negative
"I was absolutely let down by the soundtrack, this sci-fi film failed to meet even low expectations.",Negative
"Beautifully made war film, the dialogue was executed with remarkably real skill and passion.",Positive
The dialogue elevated this fantasy film into something wonderfully special and unforgettable.,Positive
"Everything about this drama worked, especially the visual style, wonderfully impressive work.",Positive
"This biopic was incredibly disappointing, the chemistry between the leads felt lazy and uninspired.",Negative
"A masterpiece of a comedy, the special effects alone makes it absolutely worth watching multiple times.",Positive
"Terrible biopic with weak visual style, I couldn't stay engaged for a single scene.",Negative
The editing was so well done that I immediately wanted to watch this crime drama again.,Positive
The visual style elevated this mystery into something incredibly special and unforgettable.,Positive
"Beautifully made animated film, the acting was executed with remarkably real skill and passion.",Positive
"I was truly let down by the plot, this thriller failed to meet even low expectations.",Negative
"This thriller was absolutely disappointing, the acting felt lazy and uninspired.",Negative
The cinematography was so well done that I immediately wanted to watch this comedy again.,Positive
The chemistry between the leads was so poorly done that I regretted watching this biopic at all.,Negative
"This movie's acting is a perfect example of bad filmmaking, remarkably would not recommend.",Negative
"One of the worst movies I've seen this year, painfully terrible characters and a boring experience.",Negative
"What a absolutely disappointing romance, the special effects ruined the whole experience for me.",Negative
"A frustrating watch with awful cinematography, absolutely one of my least favorite films.",Negative
"I hated most of this action movie, especially the direction which felt so fake and forced.",Negative
"A mess of a drama, the visual style alone makes it painfully not worth watching at all.",Negative
"I was absolutely blown away by the cinematography, this war film exceeded all my expectations.",Positive
"A masterpiece of a documentary, the pacing alone makes it incredibly worth watching multiple times.",Positive
"This comedy was remarkably brilliant, the special effects kept me hooked from start to finish.",Positive
"This thriller was remarkably disappointing, the ending felt lazy and uninspired.",Negative
The chemistry between the leads was so well done that I immediately wanted to watch this mystery again.,Positive
"What a incredibly fantastic mystery, the direction was the highlight of my whole week.",Positive
A wonderfully crafted horror film that shows remarkably real mastery in cinematography and storytelling.,Positive
"I was absolutely let down by the script, this war film failed to meet even low expectations.",Negative
The screenplay was so poorly done that I regretted watching this comedy at all.,Negative
The performance elevated this crime drama into something truly special and unforgettable.,Positive
"A mess of a musical, the script alone makes it painfully not worth watching at all.",Negative
"A mess of a war film, the special effects alone makes it painfully not worth watching at all.",Negative
The performance elevated this mystery into something wonderfully special and unforgettable.,Positive
A wonderfully crafted thriller that shows genuinely real mastery in script and storytelling.,Positive
"One of the best movies I've seen this year, wonderfully incredible performance and a moving experience.",Positive
"Terrible crime drama with weak visual style, I couldn't stay engaged for a single scene.",Negative
"What a genuinely disappointing fantasy film, the dialogue ruined the whole experience for me.",Negative
"I was absolutely blown away by the ending, this fantasy film exceeded all my expectations.",Positive
A wonderfully crafted drama that shows wonderfully real mastery in cinematography and storytelling.,Positive
"I was painfully let down by the dialogue, this action movie failed to meet even low expectations.",Negative
"This documentary was incredibly disappointing, the ending felt lazy and uninspired.",Negative
"Weak crime drama, the special effects was confusing and the ending left me truly annoyed and unsatisfied.",Negative
"I hated most of this sci-fi film, especially the performance which felt so fake and forced.",Negative
The script elevated this animated film into something wonderfully special and unforgettable.,Positive
A wonderfully crafted sci-fi film that shows wonderfully real mastery in ending and storytelling.,Positive
"Beautifully made biopic, the ending was executed with incredibly real skill and passion.",Positive
"Superb mystery, the performance was engaging and the ending left me speechless in a good way.",Positive
"This movie's chemistry between the leads is a perfect example of bad filmmaking, painfully would not recommend.",Negative
"What a absolutely disappointing war film, the performance ruined the whole experience for me.",Negative
"I was absolutely let down by the script, this animated film failed to meet even low expectations.",Negative
The plot was so well done that I immediately wanted to watch this action movie again.,Positive
"I was genuinely blown away by the acting, this horror film exceeded all my expectations.",Positive
A poorly crafted romance that shows a remarkably lack of effort in screenplay and storytelling.,Negative
"Everything about this animated film worked, especially the chemistry between the leads, absolutely impressive work.",Positive
"This biopic was wonderfully brilliant, the visual style kept me hooked from start to finish.",Positive
"Poorly made mystery, the direction was executed without any real skill or effort.",Negative
A poorly crafted animated film that shows a painfully lack of effort in special effects and storytelling.,Negative
"Terrible romance with weak soundtrack, I couldn't stay engaged for a single scene.",Negative
"This biopic was genuinely disappointing, the acting felt lazy and uninspired.",Negative
"Everything about this comedy worked, especially the acting, wonderfully impressive work.",Positive
"What a wonderfully fantastic mystery, the soundtrack was the highlight of my whole week.",Positive
A poorly crafted biopic that shows a incredibly lack of effort in script and storytelling.,Negative
"I loved every minute of this musical, especially the acting which felt so authentic.",Positive
"Terrible drama with weak ending, I couldn't stay engaged for a single scene.",Negative
"Everything about this war film worked, especially the performance, truly impressive work.",Positive
A wonderfully crafted documentary that shows remarkably real mastery in world building and storytelling.,Positive
"Nothing about this crime drama worked, especially the cinematography, incredibly weak effort overall.",Negative
The soundtrack dragged this comedy down into something incredibly forgettable and disappointing.,Negative
"Weak musical, the dialogue was confusing and the ending left me genuinely annoyed and unsatisfied.",Negative
"This thriller was remarkably brilliant, the special effects kept me hooked from start to finish.",Positive
"A mess of a fantasy film, the performance alone makes it genuinely not worth watching at all.",Negative
"Everything about this drama worked, especially the screenplay, wonderfully impressive work.",Positive
"A masterpiece of a musical, the world building alone makes it absolutely worth watching multiple times.",Positive
"This sci-fi film was truly disappointing, the world building felt lazy and uninspired.",Negative
"This thriller was incredibly disappointing, the soundtrack felt lazy and uninspired.",Negative
"Everything about this sci-fi film worked, especially the special effects, truly impressive work.",Positive
"Superb documentary, the ending was engaging and the ending left me speechless in a good way.",Positive
"This movie's special effects is a shining example of great filmmaking, truly recommended.",Positive
The special effects dragged this musical down into something absolutely forgettable and disappointing.,Negative
The acting was so well done that I immediately wanted to watch this mystery again.,Positive
"I loved every minute of this thriller, especially the acting which felt so authentic.",Positive
"A mess of a crime drama, the storyline alone makes it painfully not worth watching at all.",Negative
"This biopic was incredibly disappointing, the soundtrack felt lazy and uninspired.",Negative
"A masterpiece of a crime drama, the characters alone makes it truly worth watching multiple times.",Positive
"I was remarkably blown away by the screenplay, this comedy exceeded all my expectations.",Positive
"I loved every minute of this romance, especially the characters which felt so authentic.",Positive
The cinematography elevated this war film into something genuinely special and unforgettable.,Positive
"I was incredibly let down by the ending, this horror film failed to meet even low expectations.",Negative
"Superb horror film, the chemistry between the leads was engaging and the ending left me speechless in a good way.",Positive
"Superb mystery, the storyline was engaging and the ending left me speechless in a good way.",Positive
"I hated most of this action movie, especially the cinematography which felt so fake and forced.",Negative
"This animated film was truly disappointing, the editing felt lazy and uninspired.",Negative
"This crime drama was painfully disappointing, the dialogue felt lazy and uninspired.",Negative
"Poorly made mystery, the chemistry between the leads was executed without any real skill or effort.",Negative
"Beautifully made documentary, the plot was executed with truly real skill and passion.",Positive
"This animated film was absolutely brilliant, the chemistry between the leads kept me hooked from start to finish.",Positive
The script was dreadful and the story dragged on truly after a promising start.,Negative
The special effects was so poorly done that I regretted watching this horror film at all.,Negative
"This thriller was genuinely brilliant, the screenplay kept me hooked from start to finish.",Positive
"What a truly disappointing mystery, the storyline ruined the whole experience for me.",Negative
"Nothing about this documentary worked, especially the ending, painfully weak effort overall.",Negative
"What a incredibly fantastic documentary, the acting was the highlight of my whole week.",Positive
A wonderfully crafted sci-fi film that shows incredibly real mastery in direction and storytelling.,Positive
"A masterpiece of a documentary, the direction alone makes it genuinely worth watching multiple times.",Positive
"Poorly made drama, the editing was executed without any real skill or effort.",Negative
"What a absolutely fantastic action movie, the special effects was the highlight of my whole week.",Positive
"This movie's visual style is a shining example of great filmmaking, incredibly recommended.",Positive
"What a incredibly fantastic mystery, the special effects was the highlight of my whole week.",Positive
A poorly crafted animated film that shows a painfully lack of effort in chemistry between the leads and storytelling.,Negative
"Incredible comedy with fantastic acting, I couldn't look away for a single second.",Positive
"I loved every minute of this action movie, especially the acting which felt so authentic.",Positive
The characters dragged this musical down into something absolutely forgettable and disappointing.,Negative
"A frustrating watch with awful screenplay, remarkably one of my least favorite films.",Negative
A poorly crafted horror film that shows a painfully lack of effort in ending and storytelling.,Negative
"I loved every minute of this war film, especially the plot which felt so authentic.",Positive
The world building dragged this mystery down into something remarkably forgettable and disappointing.,Negative
"This action movie was genuinely disappointing, the pacing felt lazy and uninspired.",Negative
"Everything about this thriller worked, especially the world building, incredibly impressive work.",Positive
"Nothing about this biopic worked, especially the pacing, remarkably weak effort overall.",Negative
"This movie's soundtrack is a perfect example of bad filmmaking, genuinely would not recommend.",Negative
"This romance was incredibly disappointing, the storyline felt lazy and uninspired.",Negative
The world building dragged this sci-fi film down into something remarkably forgettable and disappointing.,Negative
"What a absolutely fantastic thriller, the pacing was the highlight of my whole week.",Positive
"One of the worst movies I've seen this year, truly terrible soundtrack and a boring experience.",Negative
"A mess of a mystery, the acting alone makes it remarkably not worth watching at all.",Negative
"This romance was incredibly brilliant, the soundtrack kept me hooked from start to finish.",Positive
"Nothing about this horror film worked, especially the dialogue, truly weak effort overall.",Negative
"One of the best movies I've seen this year, incredibly incredible script and a moving experience.",Positive
"Weak drama, the special effects was confusing and the ending left me truly annoyed and unsatisfied.",Negative
"Superb crime drama, the soundtrack was engaging and the ending left me speechless in a good way.",Positive
"A masterpiece of a mystery, the chemistry between the leads alone makes it incredibly worth watching multiple times.",Positive
"Beautifully made fantasy film, the acting was executed with absolutely real skill and passion.",Positive
"A masterpiece of a crime drama, the soundtrack alone makes it incredibly worth watching multiple times.",Positive
"A masterpiece of a sci-fi film, the editing alone makes it incredibly worth watching multiple times.",Positive
The cinematography was so poorly done that I regretted watching this documentary at all.,Negative
"Beautifully made romance, the characters was executed with absolutely real skill and passion.",Positive
"Everything about this biopic worked, especially the world building, genuinely impressive work.",Positive
"This action movie was genuinely brilliant, the pacing kept me hooked from start to finish.",Positive
"A masterpiece of a romance, the performance alone makes it incredibly worth watching multiple times.",Positive
"A mess of a romance, the soundtrack alone makes it truly not worth watching at all.",Negative
A poorly crafted fantasy film that shows a painfully lack of effort in cinematography and storytelling.,Negative
A wonderfully crafted comedy that shows remarkably real mastery in soundtrack and storytelling.,Positive
"One of the best movies I've seen this year, wonderfully incredible editing and a moving experience.",Positive
The cinematography elevated this horror film into something absolutely special and unforgettable.,Positive
The special effects was so well done that I immediately wanted to watch this action movie again.,Positive
"What a genuinely fantastic documentary, the storyline was the highlight of my whole week.",Positive
"This crime drama was absolutely disappointing, the direction felt lazy and uninspired.",Negative
"Poorly made mystery, the cinematography was executed without any real skill or effort.",Negative
"A masterpiece of a comedy, the acting alone makes it incredibly worth watching multiple times.",Positive
The plot was so poorly done that I regretted watching this documentary at all.,Negative
"What a truly disappointing biopic, the special effects ruined the whole experience for me.",Negative
The plot dragged this fantasy film down into something incredibly forgettable and disappointing.,Negative
The storyline was dreadful and the story dragged on remarkably after a promising start.,Negative
"Beautifully made action movie, the plot was executed with genuinely real skill and passion.",Positive
"A frustrating watch with awful characters, painfully one of my least favorite films.",Negative
"Incredible romance with fantastic script, I couldn't look away for a single second.",Positive
"A masterpiece of a mystery, the editing alone makes it absolutely worth watching multiple times.",Positive
"I was incredibly blown away by the script, this animated film exceeded all my expectations.",Positive
"I was genuinely let down by the soundtrack, this documentary failed to meet even low expectations.",Negative
The dialogue elevated this musical into something wonderfully special and unforgettable.,Positive
"Weak crime drama, the ending was confusing and the ending left me truly annoyed and unsatisfied.",Negative
"I was absolutely blown away by the script, this mystery exceeded all my expectations.",Positive
A wonderfully crafted action movie that shows absolutely real mastery in soundtrack and storytelling.,Positive
A poorly crafted romance that shows a painfully lack of effort in pacing and storytelling.,Negative
"What a remarkably disappointing biopic, the storyline ruined the whole experience for me.",Negative
The screenplay was so well done that I immediately wanted to watch this comedy again.,Positive
"What a incredibly fantastic war film, the storyline was the highlight of my whole week.",Positive
"This romance was absolutely disappointing, the soundtrack felt lazy and uninspired.",Negative
A wonderfully crafted horror film that shows truly real mastery in screenplay and storytelling.,Positive
"Terrible animated film with weak world building, I couldn't stay engaged for a single scene.",Negative
"A masterpiece of a animated film, the cinematography alone makes it incredibly worth watching multiple times.",Positive
"Superb animated film, the special effects was engaging and the ending left me speechless in a good way.",Positive
The screenplay was so well done that I immediately wanted to watch this action movie again.,Positive
The screenplay was so well done that I immediately wanted to watch this thriller again.,Positive
"This action movie was painfully disappointing, the acting felt lazy and uninspired.",Negative
The cinematography dragged this sci-fi film down into something incredibly forgettable and disappointing.,Negative
"I was painfully let down by the soundtrack, this action movie failed to meet even low expectations.",Negative
A poorly crafted thriller that shows a painfully lack of effort in acting and storytelling.,Negative
"Beautifully made thriller, the visual style was executed with remarkably real skill and passion.",Positive
"I was truly let down by the soundtrack, this comedy failed to meet even low expectations.",Negative
"I was remarkably let down by the dialogue, this horror film failed to meet even low expectations.",Negative
"A mess of a fantasy film, the dialogue alone makes it painfully not worth watching at all.",Negative
"What a remarkably disappointing biopic, the soundtrack ruined the whole experience for me.",Negative
"Everything about this crime drama worked, especially the pacing, absolutely impressive work.",Positive
"This mystery was genuinely brilliant, the visual style kept me hooked from start to finish.",Positive
"This crime drama was absolutely disappointing, the performance felt lazy and uninspired.",Negative
The editing elevated this drama into something absolutely special and unforgettable.,Positive
"A masterpiece of a animated film, the ending alone makes it genuinely worth watching multiple times.",Positive
"Incredible musical with fantastic performance, I couldn't look away for a single second.",Positive
"I was incredibly blown away by the ending, this war film exceeded all my expectations.",Positive
"A mess of a drama, the soundtrack alone makes it genuinely not worth watching at all.",Negative
"This animated film was absolutely brilliant, the direction kept me hooked from start to finish.",Positive
"A masterpiece of a horror film, the pacing alone makes it truly worth watching multiple times.",Positive
"This horror film was remarkably disappointing, the screenplay felt lazy and uninspired.",Negative
A poorly crafted fantasy film that shows a remarkably lack of effort in script and storytelling.,Negative
A poorly crafted war film that shows a genuinely lack of effort in direction and storytelling.,Negative
"Superb horror film, the cinematography was engaging and the ending left me speechless in a good way.",Positive
A wonderfully crafted animated film that shows genuinely real mastery in visual style and storytelling.,Positive
A poorly crafted crime drama that shows a truly lack of effort in characters and storytelling.,Negative
The performance was so poorly done that I regretted watching this horror film at all.,Negative
"Poorly made thriller, the chemistry between the leads was executed without any real skill or effort.",Negative
"Nothing about this sci-fi film worked, especially the chemistry between the leads, genuinely weak effort overall.",Negative
The dialogue elevated this documentary into something truly special and unforgettable.,Positive
"Beautifully made documentary, the dialogue was executed with incredibly real skill and passion.",Positive
"I loved every minute of this thriller, especially the world building which felt so authentic.",Positive
"Everything about this mystery worked, especially the storyline, genuinely impressive work.",Positive
"Beautifully made documentary, the acting was executed with remarkably real skill and passion.",Positive
A wonderfully crafted comedy that shows remarkably real mastery in editing and storytelling.,Positive
"I was genuinely let down by the pacing, this biopic failed to meet even low expectations.",Negative
"This fantasy film was genuinely disappointing, the screenplay felt lazy and uninspired.",Negative
"Superb thriller, the special effects was engaging and the ending left me speechless in a good way.",Positive
A wonderfully crafted action movie that shows incredibly real mastery in screenplay and storytelling.,Positive
"Beautifully made documentary, the performance was executed with genuinely real skill and passion.",Positive
"I was absolutely blown away by the world building, this biopic exceeded all my expectations.",Positive
"A mess of a documentary, the ending alone makes it remarkably not worth watching at all.",Negative
"Everything about this war film worked, especially the direction, incredibly impressive work.",Positive
"I was incredibly blown away by the plot, this thriller exceeded all my expectations.",Positive
"I loved every minute of this crime drama, especially the chemistry between the leads which felt so authentic.",Positive
"I hated most of this fantasy film, especially the world building which felt so fake and forced.",Negative
"This mystery was genuinely brilliant, the cinematography kept me hooked from start to finish.",Positive
"I was painfully let down by the visual style, this mystery failed to meet even low expectations.",Negative
"What a genuinely fantastic documentary, the chemistry between the leads was the highlight of my whole week.",Positive
The soundtrack elevated this sci-fi film into something genuinely special and unforgettable.,Positive
"What a incredibly disappointing animated film, the dialogue ruined the whole experience for me.",Negative
"This movie's screenplay is a shining example of great filmmaking, incredibly recommended.",Positive
"One of the best movies I've seen this year, truly incredible chemistry between the leads and a moving experience.",Positive
"I was remarkably blown away by the pacing, this war film exceeded all my expectations.",Positive
"One of the best movies I've seen this year, remarkably incredible world building and a moving experience.",Positive
The screenplay dragged this war film down into something remarkably forgettable and disappointing.,Negative
"What a truly disappointing documentary, the world building ruined the whole experience for me.",Negative
A wonderfully crafted biopic that shows absolutely real mastery in ending and storytelling.,Positive
"Beautifully made mystery, the world building was executed with truly real skill and passion.",Positive
The direction was so well done that I immediately wanted to watch this romance again.,Positive
The direction was so poorly done that I regretted watching this animated film at all.,Negative
"What a wonderfully fantastic war film, the screenplay was the highlight of my whole week.",Positive
"A mess of a drama, the special effects alone makes it absolutely not worth watching at all.",Negative
"A mess of a horror film, the script alone makes it truly not worth watching at all.",Negative
"I was painfully let down by the characters, this fantasy film failed to meet even low expectations.",Negative
"What a incredibly fantastic biopic, the direction was the highlight of my whole week.",Positive
"This movie's characters is a shining example of great filmmaking, truly recommended.",Positive
A poorly crafted crime drama that shows a remarkably lack of effort in direction and storytelling.,Negative
"Beautifully made war film, the characters was executed with remarkably real skill and passion.",Positive
"Nothing about this romance worked, especially the ending, genuinely weak effort overall.",Negative
"A mess of a sci-fi film, the pacing alone makes it absolutely not worth watching at all.",Negative
"This horror film was incredibly disappointing, the script felt lazy and uninspired.",Negative
A poorly crafted documentary that shows a absolutely lack of effort in editing and storytelling.,Negative
"I was genuinely blown away by the ending, this romance exceeded all my expectations.",Positive
"A mess of a mystery, the soundtrack alone makes it truly not worth watching at all.",Negative
"Superb fantasy film, the editing was engaging and the ending left me speechless in a good way.",Positive
"Nothing about this thriller worked, especially the direction, incredibly weak effort overall.",Negative
"A mess of a sci-fi film, the direction alone makes it remarkably not worth watching at all.",Negative
"What a truly disappointing comedy, the soundtrack ruined the whole experience for me.",Negative
"I was genuinely blown away by the special effects, this crime drama exceeded all my expectations.",Positive
"Everything about this musical worked, especially the dialogue, genuinely impressive work.",Positive
The characters was so poorly done that I regretted watching this documentary at all.,Negative
"What a wonderfully fantastic sci-fi film, the acting was the highlight of my whole week.",Positive
"Everything about this comedy worked, especially the direction, absolutely impressive work.",Positive
The world building elevated this fantasy film into something genuinely special and unforgettable.,Positive
"A mess of a musical, the characters alone makes it truly not worth watching at all.",Negative
"A mess of a musical, the performance alone makes it absolutely not worth watching at all.",Negative
"This horror film was absolutely brilliant, the chemistry between the leads kept me hooked from start to finish.",Positive
"I was genuinely blown away by the storyline, this thriller exceeded all my expectations.",Positive
"Everything about this fantasy film worked, especially the world building, truly impressive work.",Positive
"I was truly blown away by the acting, this thriller exceeded all my expectations.",Positive
A poorly crafted horror film that shows a truly lack of effort in soundtrack and storytelling.,Negative
"Nothing about this action movie worked, especially the world building, remarkably weak effort overall.",Negative
A poorly crafted animated film that shows a truly lack of effort in plot and storytelling.,Negative
"I was absolutely let down by the performance, this war film failed to meet even low expectations.",Negative
"What a wonderfully fantastic horror film, the characters was the highlight of my whole week.",Positive
The acting was so poorly done that I regretted watching this war film at all.,Negative
The ending elevated this biopic into something remarkably special and unforgettable.,Positive
"A masterpiece of a war film, the pacing alone makes it absolutely worth watching multiple times.",Positive
"A mess of a animated film, the ending alone makes it incredibly not worth watching at all.",Negative
"A frustrating watch with awful dialogue, absolutely one of my least favorite films.",Negative
"A mess of a crime drama, the cinematography alone makes it painfully not worth watching at all.",Negative
A poorly crafted sci-fi film that shows a remarkably lack of effort in editing and storytelling.,Negative
A wonderfully crafted animated film that shows truly real mastery in special effects and storytelling.,Positive
"Terrible crime drama with weak plot, I couldn't stay engaged for a single scene.",Negative
"Superb romance, the direction was engaging and the ending left me speechless in a good way.",Positive
"Superb drama, the soundtrack was engaging and the ending left me speechless in a good way.",Positive
"I was incredibly blown away by the performance, this action movie exceeded all my expectations.",Positive
"What a remarkably fantastic biopic, the editing was the highlight of my whole week.",Positive
"Poorly made crime drama, the chemistry between the leads was executed without any real skill or effort.",Negative
"What a truly fantastic biopic, the ending was the highlight of my whole week.",Positive
"A masterpiece of a thriller, the special effects alone makes it incredibly worth watching multiple times.",Positive
"I loved every minute of this romance, especially the storyline which felt so authentic.",Positive
"I was truly let down by the pacing, this comedy failed to meet even low expectations.",Negative
"Everything about this documentary worked, especially the pacing, absolutely impressive work.",Positive
"A masterpiece of a action movie, the plot alone makes it truly worth watching multiple times.",Positive
"Weak fantasy film, the direction was confusing and the ending left me truly annoyed and unsatisfied.",Negative
The acting dragged this action movie down into something remarkably forgettable and disappointing.,Negative
"This fantasy film was absolutely disappointing, the plot felt lazy and uninspired.",Negative
"A masterpiece of a documentary, the storyline alone makes it remarkably worth watching multiple times.",Positive
"Nothing about this musical worked, especially the characters, genuinely weak effort overall.",Negative
"This drama was absolutely disappointing, the acting felt lazy and uninspired.",Negative
"I was absolutely blown away by the visual style, this war film exceeded all my expectations.",Positive
"Superb sci-fi film, the editing was engaging and the ending left me speechless in a good way.",Positive
"I was incredibly blown away by the performance, this romance exceeded all my expectations.",Positive
"What a genuinely fantastic drama, the chemistry between the leads was the highlight of my whole week.",Positive
"I was wonderfully blown away by the visual style, this fantasy film exceeded all my expectations.",Positive
The visual style dragged this mystery down into something painfully forgettable and disappointing.,Negative
The performance dragged this romance down into something truly forgettable and disappointing.,Negative
"What a absolutely fantastic biopic, the chemistry between the leads was the highlight of my whole week.",Positive
"A masterpiece of a romance, the special effects alone makes it wonderfully worth watching multiple times.",Positive
The ending elevated this romance into something wonderfully special and unforgettable.,Positive
"Terrible comedy with weak pacing, I couldn't stay engaged for a single scene.",Negative
A wonderfully crafted action movie that shows genuinely real mastery in screenplay and storytelling.,Positive
"This horror film was wonderfully brilliant, the storyline kept me hooked from start to finish.",Positive
A wonderfully crafted comedy that shows truly real mastery in pacing and storytelling.,Positive
"Nothing about this animated film worked, especially the cinematography, absolutely weak effort overall.",Negative
"Nothing about this action movie worked, especially the characters, incredibly weak effort overall.",Negative
"What a absolutely fantastic documentary, the screenplay was the highlight of my whole week.",Positive
"Everything about this comedy worked, especially the editing, truly impressive work.",Positive
"Everything about this thriller worked, especially the screenplay, absolutely impressive work.",Positive
"What a truly disappointing thriller, the editing ruined the whole experience for me.",Negative
A wonderfully crafted animated film that shows wonderfully real mastery in world building and storytelling.,Positive
"Everything about this action movie worked, especially the visual style, genuinely impressive work.",Positive
"A masterpiece of a romance, the cinematography alone makes it genuinely worth watching multiple times.",Positive
"This movie's ending is a perfect example of bad filmmaking, truly would not recommend.",Negative
The performance dragged this war film down into something genuinely forgettable and disappointing.,Negative
"Incredible sci-fi film with fantastic storyline, I couldn't look away for a single second.",Positive
"Beautifully made comedy, the cinematography was executed with wonderfully real skill and passion.",Positive
"I hated most of this documentary, especially the soundtrack which felt so fake and forced.",Negative
"I was genuinely let down by the editing, this drama failed to meet even low expectations.",Negative
A wonderfully crafted biopic that shows genuinely real mastery in acting and storytelling.,Positive
A wonderfully crafted sci-fi film that shows genuinely real mastery in storyline and storytelling.,Positive
"Poorly made crime drama, the direction was executed without any real skill or effort.",Negative
"What a truly fantastic comedy, the ending was the highlight of my whole week.",Positive
"I hated most of this musical, especially the editing which felt so fake and forced.",Negative
"I hated most of this horror film, especially the characters which felt so fake and forced.",Negative
"I hated most of this romance, especially the cinematography which felt so fake and forced.",Negative
"Beautifully made mystery, the dialogue was executed with genuinely real skill and passion.",Positive
A poorly crafted drama that shows a genuinely lack of effort in chemistry between the leads and storytelling.,Negative
The editing elevated this war film into something absolutely special and unforgettable.,Positive
The visual style dragged this comedy down into something genuinely forgettable and disappointing.,Negative
The cinematography was dreadful and the story dragged on incredibly after a promising start.,Negative
"This horror film was incredibly brilliant, the ending kept me hooked from start to finish.",Positive
"Nothing about this fantasy film worked, especially the soundtrack, truly weak effort overall.",Negative
A poorly crafted animated film that shows a remarkably lack of effort in storyline and storytelling.,Negative
"I was genuinely let down by the soundtrack, this action movie failed to meet even low expectations.",Negative
"What a absolutely fantastic documentary, the ending was the highlight of my whole week.",Positive
"This romance was wonderfully brilliant, the special effects kept me hooked from start to finish.",Positive
"I was incredibly let down by the characters, this animated film failed to meet even low expectations.",Negative
"Weak comedy, the ending was confusing and the ending left me absolutely annoyed and unsatisfied.",Negative
"What a truly fantastic action movie, the cinematography was the highlight of my whole week.",Positive
"This action movie was incredibly disappointing, the cinematography felt lazy and uninspired.",Negative
"This action movie was genuinely brilliant, the ending kept me hooked from start to finish.",Positive
"What a absolutely fantastic sci-fi film, the special effects was the highlight of my whole week.",Positive
The screenplay elevated this mystery into something truly special and unforgettable.,Positive
A poorly crafted thriller that shows a painfully lack of effort in visual style and storytelling.,Negative
"One of the worst movies I've seen this year, absolutely terrible visual style and a boring experience.",Negative
"What a genuinely fantastic action movie, the special effects was the highlight of my whole week.",Positive
"Nothing about this sci-fi film worked, especially the editing, painfully weak effort overall.",Negative
The screenplay elevated this sci-fi film into something remarkably special and unforgettable.,Positive
"Poorly made sci-fi film, the screenplay was executed without any real skill or effort.",Negative
"Poorly made horror film, the acting was executed without any real skill or effort.",Negative
The performance elevated this musical into something wonderfully special and unforgettable.,Positive
The storyline was so well done that I immediately wanted to watch this comedy again.,Positive
"What a remarkably fantastic drama, the ending was the highlight of my whole week.",Positive
The editing dragged this musical down into something truly forgettable and disappointing.,Negative
"Superb mystery, the direction was engaging and the ending left me speechless in a good way.",Positive
"What a truly fantastic musical, the acting was the highlight of my whole week.",Positive
The performance was so well done that I immediately wanted to watch this animated film again.,Positive
"What a truly disappointing war film, the pacing ruined the whole experience for me.",Negative
"Weak thriller, the chemistry between the leads was confusing and the ending left me absolutely annoyed and unsatisfied.",Negative
"I hated most of this thriller, especially the plot which felt so fake and forced.",Negative
"Poorly made drama, the pacing was executed without any real skill or effort.",Negative
The cinematography dragged this thriller down into something painfully forgettable and disappointing.,Negative
"I was genuinely let down by the ending, this crime drama failed to meet even low expectations.",Negative
The soundtrack elevated this war film into something genuinely special and unforgettable.,Positive
"One of the worst movies I've seen this year, truly terrible editing and a boring experience.",Negative
"What a truly fantastic biopic, the pacing was the highlight of my whole week.",Positive
A wonderfully crafted sci-fi film that shows truly real mastery in editing and storytelling.,Positive
"Nothing about this fantasy film worked, especially the ending, remarkably weak effort overall.",Negative
"I loved every minute of this thriller, especially the storyline which felt so authentic.",Positive
A wonderfully crafted biopic that shows genuinely real mastery in editing and storytelling.,Positive
The storyline was so well done that I immediately wanted to watch this mystery again.,Positive
"I was genuinely let down by the special effects, this documentary failed to meet even low expectations.",Negative
"Terrible thriller with weak screenplay, I couldn't stay engaged for a single scene.",Negative
The acting was so well done that I immediately wanted to watch this fantasy film again.,Positive
"I loved every minute of this drama, especially the dialogue which felt so authentic.",Positive
"Terrible animated film with weak chemistry between the leads, I couldn't stay engaged for a single scene.",Negative
The characters elevated this biopic into something truly special and unforgettable.,Positive
"What a truly disappointing musical, the soundtrack ruined the whole experience for me.",Negative
"I was genuinely let down by the ending, this action movie failed to meet even low expectations.",Negative
The direction elevated this documentary into something incredibly special and unforgettable.,Positive
"Terrible animated film with weak special effects, I couldn't stay engaged for a single scene.",Negative
"A masterpiece of a sci-fi film, the cinematography alone makes it genuinely worth watching multiple times.",Positive
"Superb comedy, the characters was engaging and the ending left me speechless in a good way.",Positive
"Beautifully made war film, the world building was executed with incredibly real skill and passion.",Positive
"What a truly disappointing horror film, the visual style ruined the whole experience for me.",Negative
"Everything about this drama worked, especially the direction, incredibly impressive work.",Positive
"I was genuinely let down by the editing, this comedy failed to meet even low expectations.",Negative
A wonderfully crafted horror film that shows genuinely real mastery in editing and storytelling.,Positive
"A masterpiece of a horror film, the characters alone makes it remarkably worth watching multiple times.",Positive
The performance dragged this sci-fi film down into something painfully forgettable and disappointing.,Negative
"This war film was remarkably brilliant, the screenplay kept me hooked from start to finish.",Positive
"A frustrating watch with awful dialogue, genuinely one of my least favorite films.",Negative
"What a absolutely fantastic action movie, the script was the highlight of my whole week.",Positive
"A mess of a crime drama, the screenplay alone makes it absolutely not worth watching at all.",Negative
"I was truly let down by the world building, this crime drama failed to meet even low expectations.",Negative
"Beautifully made comedy, the script was executed with remarkably real skill and passion.",Positive
"What a remarkably fantastic romance, the performance was the highlight of my whole week.",Positive
"One of the best movies I've seen this year, remarkably incredible dialogue and a moving experience.",Positive
A wonderfully crafted action movie that shows truly real mastery in special effects and storytelling.,Positive
"A masterpiece of a drama, the script alone makes it truly worth watching multiple times.",Positive
"A mess of a horror film, the screenplay alone makes it remarkably not worth watching at all.",Negative
"What a incredibly disappointing crime drama, the pacing ruined the whole experience for me.",Negative
"Nothing about this sci-fi film worked, especially the screenplay, truly weak effort overall.",Negative
"This action movie was painfully disappointing, the soundtrack felt lazy and uninspired.",Negative
"Everything about this documentary worked, especially the plot, absolutely impressive work.",Positive
"Everything about this fantasy film worked, especially the plot, absolutely impressive work.",Positive
"This movie's world building is a shining example of great filmmaking, genuinely recommended.",Positive
"Nothing about this mystery worked, especially the ending, incredibly weak effort overall.",Negative
"Nothing about this animated film worked, especially the storyline, remarkably weak effort overall.",Negative
"Beautifully made thriller, the special effects was executed with remarkably real skill and passion.",Positive
"I hated most of this fantasy film, especially the special effects which felt so fake and forced.",Negative
"I was painfully let down by the special effects, this sci-fi film failed to meet even low expectations.",Negative
"This thriller was remarkably brilliant, the performance kept me hooked from start to finish.",Positive
"Weak documentary, the visual style was confusing and the ending left me painfully annoyed and unsatisfied.",Negative
"An emotional rollercoaster with brilliant world building, genuinely one of my favorite films.",Positive
"I hated most of this crime drama, especially the dialogue which felt so fake and forced.",Negative
"I was remarkably let down by the acting, this romance failed to meet even low expectations.",Negative
The acting elevated this crime drama into something genuinely special and unforgettable.,Positive
"This documentary was genuinely brilliant, the screenplay kept me hooked from start to finish.",Positive
"I loved every minute of this comedy, especially the dialogue which felt so authentic.",Positive
"What a wonderfully fantastic thriller, the editing was the highlight of my whole week.",Positive
"An emotional rollercoaster with brilliant editing, remarkably one of my favorite films.",Positive
"A mess of a documentary, the editing alone makes it truly not worth watching at all.",Negative
"Beautifully made war film, the acting was executed with genuinely real skill and passion.",Positive
"I loved every minute of this biopic, especially the dialogue which felt so authentic.",Positive
"Weak war film, the world building was confusing and the ending left me incredibly annoyed and unsatisfied.",Negative
"Weak crime drama, the performance was confusing and the ending left me remarkably annoyed and unsatisfied.",Negative
"I was incredibly blown away by the acting, this biopic exceeded all my expectations.",Positive
"Weak war film, the chemistry between the leads was confusing and the ending left me genuinely annoyed and unsatisfied.",Negative
A poorly crafted romance that shows a absolutely lack of effort in soundtrack and storytelling.,Negative
"This horror film was wonderfully brilliant, the acting kept me hooked from start to finish.",Positive
"Incredible action movie with fantastic acting, I couldn't look away for a single second.",Positive
The special effects dragged this war film down into something incredibly forgettable and disappointing.,Negative
The acting elevated this war film into something genuinely special and unforgettable.,Positive
"A masterpiece of a romance, the chemistry between the leads alone makes it absolutely worth watching multiple times.",Positive
"Weak crime drama, the screenplay was confusing and the ending left me genuinely annoyed and unsatisfied.",Negative
"This documentary was genuinely disappointing, the visual style felt lazy and uninspired.",Negative
The performance was so poorly done that I regretted watching this biopic at all.,Negative
"I was incredibly let down by the soundtrack, this drama failed to meet even low expectations.",Negative
"This movie's characters is a perfect example of bad filmmaking, remarkably would not recommend.",Negative
"Everything about this musical worked, especially the storyline, incredibly impressive work.",Positive
"Superb comedy, the dialogue was engaging and the ending left me speechless in a good way.",Positive
"I was genuinely let down by the soundtrack, this animated film failed to meet even low expectations.",Negative
A poorly crafted biopic that shows a truly lack of effort in plot and storytelling.,Negative
"Incredible comedy with fantastic script, I couldn't look away for a single second.",Positive
"I was genuinely blown away by the world building, this biopic exceeded all my expectations.",Positive
"I was absolutely blown away by the visual style, this action movie exceeded all my expectations.",Positive
A poorly crafted mystery that shows a painfully lack of effort in plot and storytelling.,Negative
The script was so poorly done that I regretted watching this crime drama at all.,Negative
"One of the worst movies I've seen this year, painfully terrible performance and a boring experience.",Negative
"Beautifully made thriller, the characters was executed with absolutely real skill and passion.",Positive
"What a genuinely disappointing horror film, the world building ruined the whole experience for me.",Negative
A wonderfully crafted sci-fi film that shows truly real mastery in cinematography and storytelling.,Positive
"A frustrating watch with awful dialogue, incredibly one of my least favorite films.",Negative
"Terrible musical with weak dialogue, I couldn't stay engaged for a single scene.",Negative
A poorly crafted crime drama that shows a truly lack of effort in dialogue and storytelling.,Negative
"This romance was truly brilliant, the pacing kept me hooked from start to finish.",Positive
"I hated most of this romance, especially the editing which felt so fake and forced.",Negative
"Beautifully made war film, the editing was executed with genuinely real skill and passion.",Positive
"Terrible musical with weak performance, I couldn't stay engaged for a single scene.",Negative
"I loved every minute of this action movie, especially the plot which felt so authentic.",Positive
A poorly crafted drama that shows a truly lack of effort in direction and storytelling.,Negative
"Everything about this drama worked, especially the editing, absolutely impressive work.",Positive
The characters was so well done that I immediately wanted to watch this war film again.,Positive
The direction elevated this musical into something truly special and unforgettable.,Positive
"I loved every minute of this documentary, especially the cinematography which felt so authentic.",Positive
"Nothing about this crime drama worked, especially the soundtrack, absolutely weak effort overall.",Negative
"Weak documentary, the pacing was confusing and the ending left me genuinely annoyed and unsatisfied.",Negative
"What a truly disappointing comedy, the visual style ruined the whole experience for me.",Negative
The plot elevated this sci-fi film into something genuinely special and unforgettable.,Positive
"I was absolutely blown away by the dialogue, this action movie exceeded all my expectations.",Positive
The storyline was so well done that I immediately wanted to watch this sci-fi film again.,Positive
"Everything about this documentary worked, especially the chemistry between the leads, remarkably impressive work.",Positive
"A mess of a animated film, the special effects alone makes it absolutely not worth watching at all.",Negative
"This movie's visual style is a shining example of great filmmaking, genuinely recommended.",Positive
"What a genuinely fantastic horror film, the editing was the highlight of my whole week.",Positive
The soundtrack dragged this action movie down into something genuinely forgettable and disappointing.,Negative
"This biopic was truly disappointing, the cinematography felt lazy and uninspired.",Negative
"Poorly made war film, the acting was executed without any real skill or effort.",Negative
"I was incredibly blown away by the soundtrack, this mystery exceeded all my expectations.",Positive
"Superb fantasy film, the storyline was engaging and the ending left me speechless in a good way.",Positive
"What a wonderfully fantastic comedy, the dialogue was the highlight of my whole week.",Positive
"This war film was remarkably brilliant, the chemistry between the leads kept me hooked from start to finish.",Positive
The soundtrack was so poorly done that I regretted watching this animated film at all.,Negative
"Weak animated film, the cinematography was confusing and the ending left me truly annoyed and unsatisfied.",Negative
"I hated most of this biopic, especially the performance which felt so fake and forced.",Negative
"This romance was incredibly brilliant, the performance kept me hooked from start to finish.",Positive
"What a truly disappointing crime drama, the performance ruined the whole experience for me.",Negative
"One of the best movies I've seen this year, incredibly incredible direction and a moving experience.",Positive
A wonderfully crafted comedy that shows truly real mastery in storyline and storytelling.,Positive
"A mess of a biopic, the screenplay alone makes it incredibly not worth watching at all.",Negative
"This animated film was genuinely brilliant, the cinematography kept me hooked from start to finish.",Positive
The performance elevated this action movie into something incredibly special and unforgettable.,Positive
The soundtrack was so well done that I immediately wanted to watch this documentary again.,Positive
"Poorly made drama, the cinematography was executed without any real skill or effort.",Negative
A wonderfully crafted action movie that shows wonderfully real mastery in soundtrack and storytelling.,Positive
"A masterpiece of a animated film, the performance alone makes it truly worth watching multiple times.",Positive
A wonderfully crafted horror film that shows absolutely real mastery in chemistry between the leads and storytelling.,Positive
A poorly crafted drama that shows a absolutely lack of effort in world building and storytelling.,Negative
"Weak musical, the plot was confusing and the ending left me remarkably annoyed and unsatisfied.",Negative
"A mess of a fantasy film, the screenplay alone makes it incredibly not worth watching at all.",Negative
The screenplay elevated this thriller into something wonderfully special and unforgettable.,Positive
"I loved every minute of this mystery, especially the performance which felt so authentic.",Positive
"Everything about this sci-fi film worked, especially the storyline, remarkably impressive work.",Positive
"A masterpiece of a fantasy film, the direction alone makes it genuinely worth watching multiple times.",Positive
"A mess of a sci-fi film, the characters alone makes it incredibly not worth watching at all.",Negative
"This biopic was painfully disappointing, the special effects felt lazy and uninspired.",Negative
"Poorly made horror film, the storyline was executed without any real skill or effort.",Negative
"Incredible fantasy film with fantastic ending, I couldn't look away for a single second.",Positive
"One of the worst movies I've seen this year, truly terrible screenplay and a boring experience.",Negative
"What a incredibly disappointing sci-fi film, the direction ruined the whole experience for me.",Negative
"Terrible sci-fi film with weak plot, I couldn't stay engaged for a single scene.",Negative
"Terrible romance with weak acting, I couldn't stay engaged for a single scene.",Negative
The acting elevated this fantasy film into something genuinely special and unforgettable.,Positive
"I loved every minute of this biopic, especially the world building which felt so authentic.",Positive
"What a truly fantastic fantasy film, the ending was the highlight of my whole week.",Positive
"I loved every minute of this thriller, especially the dialogue which felt so authentic.",Positive
"What a incredibly disappointing documentary, the ending ruined the whole experience for me.",Negative
The storyline was so poorly done that I regretted watching this crime drama at all.,Negative
"Nothing about this action movie worked, especially the storyline, absolutely weak effort overall.",Negative
"I hated most of this biopic, especially the acting which felt so fake and forced.",Negative
"Nothing about this mystery worked, especially the screenplay, incredibly weak effort overall.",Negative
"Incredible mystery with fantastic plot, I couldn't look away for a single second.",Positive
A poorly crafted horror film that shows a painfully lack of effort in storyline and storytelling.,Negative
"A masterpiece of a drama, the screenplay alone makes it remarkably worth watching multiple times.",Positive
"I was absolutely let down by the direction, this animated film failed to meet even low expectations.",Negative
"I was incredibly let down by the storyline, this comedy failed to meet even low expectations.",Negative
"What a remarkably fantastic horror film, the direction was the highlight of my whole week.",Positive
"What a absolutely fantastic war film, the plot was the highlight of my whole week.",Positive
A wonderfully crafted biopic that shows remarkably real mastery in chemistry between the leads and storytelling.,Positive
"Weak war film, the performance was confusing and the ending left me incredibly annoyed and unsatisfied.",Negative
"Superb action movie, the editing was engaging and the ending left me speechless in a good way.",Positive
A poorly crafted fantasy film that shows a truly lack of effort in storyline and storytelling.,Negative
"An emotional rollercoaster with brilliant soundtrack, incredibly one of my favorite films.",Positive
"What a wonderfully fantastic thriller, the screenplay was the highlight of my whole week.",Positive
"Everything about this horror film worked, especially the editing, truly impressive work.",Positive
"I was absolutely let down by the soundtrack, this drama failed to meet even low expectations.",Negative
The world building dragged this action movie down into something remarkably forgettable and disappointing.,Negative
The script was so poorly done that I regretted watching this drama at all.,Negative
"Incredible drama with fantastic plot, I couldn't look away for a single second.",Positive
"A masterpiece of a comedy, the acting alone makes it truly worth watching multiple times.",Positive
A wonderfully crafted romance that shows remarkably real mastery in screenplay and storytelling.,Positive
A poorly crafted biopic that shows a remarkably lack of effort in special effects and storytelling.,Negative
"I hated most of this fantasy film, especially the visual style which felt so fake and forced.",Negative
"Beautifully made documentary, the world building was executed with wonderfully real skill and passion.",Positive
The performance was so poorly done that I regretted watching this romance at all.,Negative
"This thriller was genuinely disappointing, the chemistry between the leads felt lazy and uninspired.",Negative
"Terrible musical with weak characters, I couldn't stay engaged for a single scene.",Negative
A poorly crafted mystery that shows a remarkably lack of effort in world building and storytelling.,Negative
"Nothing about this drama worked, especially the editing, remarkably weak effort overall.",Negative
"Poorly made animated film, the dialogue was executed without any real skill or effort.",Negative
The characters elevated this biopic into something wonderfully special and unforgettable.,Positive
"Nothing about this comedy worked, especially the performance, incredibly weak effort overall.",Negative
"This musical was truly disappointing, the editing felt lazy and uninspired.",Negative
"Nothing about this action movie worked, especially the acting, genuinely weak effort overall.",Negative
"Terrible action movie with weak chemistry between the leads, I couldn't stay engaged for a single scene.",Negative
"Superb action movie, the script was engaging and the ending left me speechless in a good way.",Positive
"I was remarkably blown away by the soundtrack, this documentary exceeded all my expectations.",Positive
A poorly crafted mystery that shows a remarkably lack of effort in plot and storytelling.,Negative
"This movie's chemistry between the leads is a perfect example of bad filmmaking, genuinely would not recommend.",Negative
"Poorly made mystery, the pacing was executed without any real skill or effort.",Negative
"This biopic was absolutely brilliant, the cinematography kept me hooked from start to finish.",Positive
"This movie's visual style is a perfect example of bad filmmaking, incredibly would not recommend.",Negative
The direction was so well done that I immediately wanted to watch this drama again.,Positive
"I hated most of this comedy, especially the storyline which felt so fake and forced.",Negative
"I hated most of this action movie, especially the chemistry between the leads which felt so fake and forced.",Negative
"Beautifully made romance, the script was executed with wonderfully real skill and passion.",Positive
"Nothing about this documentary worked, especially the chemistry between the leads, painfully weak effort overall.",Negative
"Poorly made biopic, the screenplay was executed without any real skill or effort.",Negative
"I was absolutely let down by the acting, this comedy failed to meet even low expectations.",Negative
"A masterpiece of a biopic, the performance alone makes it absolutely worth watching multiple times.",Positive
"What a truly fantastic crime drama, the editing was the highlight of my whole week.",Positive
"Weak musical, the visual style was confusing and the ending left me absolutely annoyed and unsatisfied.",Negative
The world building was so poorly done that I regretted watching this romance at all.,Negative
"What a absolutely fantastic documentary, the characters was the highlight of my whole week.",Positive
"This sci-fi film was absolutely brilliant, the chemistry between the leads kept me hooked from start to finish.",Positive
"Nothing about this animated film worked, especially the acting, truly weak effort overall.",Negative
"Superb drama, the plot was engaging and the ending left me speechless in a good way.",Positive
"This movie's dialogue is a perfect example of bad filmmaking, painfully would not recommend.",Negative
"This musical was absolutely disappointing, the editing felt lazy and uninspired.",Negative
"A frustrating watch with awful cinematography, incredibly one of my least favorite films.",Negative
"Terrible sci-fi film with weak characters, I couldn't stay engaged for a single scene.",Negative
The acting dragged this romance down into something absolutely forgettable and disappointing.,Negative
"I was genuinely blown away by the acting, this crime drama exceeded all my expectations.",Positive
"I was absolutely blown away by the plot, this biopic exceeded all my expectations.",Positive
"This romance was genuinely disappointing, the dialogue felt lazy and uninspired.",Negative
"I was truly let down by the ending, this sci-fi film failed to meet even low expectations.",Negative
"A masterpiece of a crime drama, the script alone makes it wonderfully worth watching multiple times.",Positive
"I hated most of this thriller, especially the storyline which felt so fake and forced.",Negative
"Nothing about this fantasy film worked, especially the cinematography, incredibly weak effort overall.",Negative
The world building was dreadful and the story dragged on absolutely after a promising start.,Negative
The soundtrack dragged this comedy down into something painfully forgettable and disappointing.,Negative
The dialogue was so well done that I immediately wanted to watch this thriller again.,Positive
"Everything about this fantasy film worked, especially the special effects, remarkably impressive work.",Positive
"This animated film was incredibly disappointing, the direction felt lazy and uninspired.",Negative
The script dragged this war film down into something incredibly forgettable and disappointing.,Negative
The visual style was dreadful and the story dragged on incredibly after a promising start.,Negative
"Incredible fantasy film with fantastic screenplay, I couldn't look away for a single second.",Positive
A poorly crafted musical that shows a genuinely lack of effort in ending and storytelling.,Negative
"This comedy was incredibly brilliant, the ending kept me hooked from start to finish.",Positive
"A masterpiece of a comedy, the performance alone makes it genuinely worth watching multiple times.",Positive
The storyline dragged this fantasy film down into something absolutely forgettable and disappointing.,Negative
"Superb crime drama, the acting was engaging and the ending left me speechless in a good way.",Positive
"Superb biopic, the ending was engaging and the ending left me speechless in a good way.",Positive
"I hated most of this drama, especially the special effects which felt so fake and forced.",Negative
"I was truly blown away by the dialogue, this animated film exceeded all my expectations.",Positive
"Poorly made mystery, the screenplay was executed without any real skill or effort.",Negative
"A masterpiece of a comedy, the plot alone makes it incredibly worth watching multiple times.",Positive
"Weak documentary, the ending was confusing and the ending left me genuinely annoyed and unsatisfied.",Negative
A poorly crafted comedy that shows a absolutely lack of effort in soundtrack and storytelling.,Negative
"I was wonderfully blown away by the ending, this fantasy film exceeded all my expectations.",Positive
A poorly crafted horror film that shows a truly lack of effort in dialogue and storytelling.,Negative
"A masterpiece of a fantasy film, the editing alone makes it genuinely worth watching multiple times.",Positive
"A masterpiece of a crime drama, the editing alone makes it wonderfully worth watching multiple times.",Positive
"Beautifully made biopic, the screenplay was executed with absolutely real skill and passion.",Positive
"This war film was truly brilliant, the cinematography kept me hooked from start to finish.",Positive
"What a absolutely disappointing musical, the plot ruined the whole experience for me.",Negative
"This comedy was absolutely brilliant, the storyline kept me hooked from start to finish.",Positive
"Beautifully made fantasy film, the soundtrack was executed with incredibly real skill and passion.",Positive
"This movie's dialogue is a shining example of great filmmaking, genuinely recommended.",Positive
"Incredible comedy with fantastic plot, I couldn't look away for a single second.",Positive
"One of the worst movies I've seen this year, painfully terrible screenplay and a boring experience.",Negative
"This musical was absolutely disappointing, the chemistry between the leads felt lazy and uninspired.",Negative
"I loved every minute of this crime drama, especially the direction which felt so authentic.",Positive
"I was genuinely let down by the visual style, this horror film failed to meet even low expectations.",Negative
A wonderfully crafted animated film that shows remarkably real mastery in visual style and storytelling.,Positive
"A masterpiece of a sci-fi film, the editing alone makes it wonderfully worth watching multiple times.",Positive
"I was truly let down by the screenplay, this mystery failed to meet even low expectations.",Negative
"Nothing about this comedy worked, especially the soundtrack, absolutely weak effort overall.",Negative
"Nothing about this action movie worked, especially the script, genuinely weak effort overall.",Negative
"I was remarkably let down by the performance, this fantasy film failed to meet even low expectations.",Negative
A poorly crafted comedy that shows a painfully lack of effort in dialogue and storytelling.,Negative
"This thriller was absolutely disappointing, the pacing felt lazy and uninspired.",Negative
"A mess of a romance, the performance alone makes it truly not worth watching at all.",Negative
The screenplay dragged this war film down into something absolutely forgettable and disappointing.,Negative
"What a truly fantastic drama, the special effects was the highlight of my whole week.",Positive
"I hated most of this drama, especially the world building which felt so fake and forced.",Negative
A poorly crafted documentary that shows a incredibly lack of effort in performance and storytelling.,Negative
"This sci-fi film was absolutely brilliant, the acting kept me hooked from start to finish.",Positive
A wonderfully crafted sci-fi film that shows truly real mastery in visual style and storytelling.,Positive
The pacing elevated this action movie into something absolutely special and unforgettable.,Positive
"A mess of a fantasy film, the pacing alone makes it painfully not worth watching at all.",Negative
"I was truly blown away by the cinematography, this comedy exceeded all my expectations.",Positive
"Terrible crime drama with weak pacing, I couldn't stay engaged for a single scene.",Negative
A poorly crafted documentary that shows a truly lack of effort in ending and storytelling.,Negative
"Everything about this war film worked, especially the world building, incredibly impressive work.",Positive
The visual style dragged this crime drama down into something genuinely forgettable and disappointing.,Negative
A poorly crafted crime drama that shows a genuinely lack of effort in editing and storytelling.,Negative
"One of the worst movies I've seen this year, genuinely terrible ending and a boring experience.",Negative
The script dragged this thriller down into something painfully forgettable and disappointing.,Negative
The soundtrack dragged this sci-fi film down into something truly forgettable and disappointing.,Negative
A poorly crafted sci-fi film that shows a incredibly lack of effort in cinematography and storytelling.,Negative
"Beautifully made mystery, the plot was executed with incredibly real skill and passion.",Positive
A poorly crafted thriller that shows a truly lack of effort in ending and storytelling.,Negative
"This movie's special effects is a shining example of great filmmaking, incredibly recommended.",Positive
"What a painfully disappointing musical, the ending ruined the whole experience for me.",Negative
"Poorly made war film, the script was executed without any real skill or effort.",Negative
A wonderfully crafted romance that shows incredibly real mastery in storyline and storytelling.,Positive
The special effects elevated this musical into something incredibly special and unforgettable.,Positive
"A frustrating watch with awful pacing, remarkably one of my least favorite films.",Negative
The world building elevated this thriller into something truly special and unforgettable.,Positive
The plot was dreadful and the story dragged on genuinely after a promising start.,Negative
The cinematography elevated this romance into something absolutely special and unforgettable.,Positive
A wonderfully crafted horror film that shows genuinely real mastery in chemistry between the leads and storytelling.,Positive
"Everything about this fantasy film worked, especially the direction, genuinely impressive work.",Positive
"Poorly made animated film, the acting was executed without any real skill or effort.",Negative
"A mess of a crime drama, the direction alone makes it painfully not worth watching at all.",Negative
"This musical was genuinely brilliant, the performance kept me hooked from start to finish.",Positive
The screenplay elevated this sci-fi film into something genuinely special and unforgettable.,Positive
"A masterpiece of a drama, the chemistry between the leads alone makes it genuinely worth watching multiple times.",Positive
"A mess of a comedy, the screenplay alone makes it genuinely not worth watching at all.",Negative
"A frustrating watch with awful dialogue, truly one of my least favorite films.",Negative
"I was genuinely blown away by the performance, this war film exceeded all my expectations.",Positive
"I loved every minute of this animated film, especially the special effects which felt so authentic.",Positive
"I loved every minute of this horror film, especially the direction which felt so authentic.",Positive
The storyline was so well done that I immediately wanted to watch this horror film again.,Positive
"A frustrating watch with awful plot, painfully one of my least favorite films.",Negative
"One of the best movies I've seen this year, incredibly incredible screenplay and a moving experience.",Positive
"I loved every minute of this animated film, especially the script which felt so authentic.",Positive
The plot was so poorly done that I regretted watching this thriller at all.,Negative
"Everything about this documentary worked, especially the cinematography, truly impressive work.",Positive
"I was truly let down by the special effects, this romance failed to meet even low expectations.",Negative
"I loved every minute of this horror film, especially the pacing which felt so authentic.",Positive
"This drama was genuinely brilliant, the pacing kept me hooked from start to finish.",Positive
The ending dragged this crime drama down into something truly forgettable and disappointing.,Negative
"A mess of a comedy, the characters alone makes it genuinely not worth watching at all.",Negative
"Superb comedy, the world building was engaging and the ending left me speechless in a good way.",Positive
The storyline elevated this thriller into something absolutely special and unforgettable.,Positive
"Weak thriller, the storyline was confusing and the ending left me painfully annoyed and unsatisfied.",Negative
"I hated most of this mystery, especially the world building which felt so fake and forced.",Negative
The chemistry between the leads was so poorly done that I regretted watching this fantasy film at all.,Negative
"Weak biopic, the plot was confusing and the ending left me absolutely annoyed and unsatisfied.",Negative
"This biopic was remarkably disappointing, the soundtrack felt lazy and uninspired.",Negative
A wonderfully crafted romance that shows genuinely real mastery in performance and storytelling.,Positive
"What a genuinely disappointing biopic, the dialogue ruined the whole experience for me.",Negative
The special effects was so poorly done that I regretted watching this mystery at all.,Negative
"Terrible mystery with weak chemistry between the leads, I couldn't stay engaged for a single scene.",Negative
"This documentary was truly disappointing, the chemistry between the leads felt lazy and uninspired.",Negative
"Incredible thriller with fantastic dialogue, I couldn't look away for a single second.",Positive
The acting was dreadful and the story dragged on absolutely after a promising start.,Negative
"This drama was truly brilliant, the visual style kept me hooked from start to finish.",Positive
"I hated most of this documentary, especially the storyline which felt so fake and forced.",Negative
The acting was so well done that I immediately wanted to watch this musical again.,Positive
"A mess of a biopic, the performance alone makes it incredibly not worth watching at all.",Negative
A wonderfully crafted war film that shows incredibly real mastery in characters and storytelling.,Positive
"This documentary was absolutely brilliant, the pacing kept me hooked from start to finish.",Positive
"Beautifully made fantasy film, the editing was executed with incredibly real skill and passion.",Positive
"What a wonderfully fantastic fantasy film, the soundtrack was the highlight of my whole week.",Positive
A poorly crafted comedy that shows a absolutely lack of effort in screenplay and storytelling.,Negative
"Terrible fantasy film with weak dialogue, I couldn't stay engaged for a single scene.",Negative
"Weak action movie, the chemistry between the leads was confusing and the ending left me painfully annoyed and unsatisfied.",Negative
"Beautifully made biopic, the editing was executed with truly real skill and passion.",Positive
"I was truly blown away by the acting, this biopic exceeded all my expectations.",Positive
"A masterpiece of a thriller, the pacing alone makes it remarkably worth watching multiple times.",Positive
The editing was dreadful and the story dragged on incredibly after a promising start.,Negative
The storyline elevated this sci-fi film into something genuinely special and unforgettable.,Positive
"Weak horror film, the script was confusing and the ending left me genuinely annoyed and unsatisfied.",Negative
"What a genuinely fantastic fantasy film, the acting was the highlight of my whole week.",Positive
"Beautifully made drama, the plot was executed with truly real skill and passion.",Positive
A wonderfully crafted musical that shows truly real mastery in acting and storytelling.,Positive
"Terrible documentary with weak special effects, I couldn't stay engaged for a single scene.",Negative
"Beautifully made crime drama, the editing was executed with wonderfully real skill and passion.",Positive
"Everything about this sci-fi film worked, especially the performance, genuinely impressive work.",Positive
"This crime drama was genuinely brilliant, the editing kept me hooked from start to finish.",Positive
"I hated most of this drama, especially the editing which felt so fake and forced.",Negative
The dialogue dragged this comedy down into something absolutely forgettable and disappointing.,Negative
"I hated most of this thriller, especially the chemistry between the leads which felt so fake and forced.",Negative
The storyline elevated this musical into something incredibly special and unforgettable.,Positive
"This mystery was remarkably brilliant, the visual style kept me hooked from start to finish.",Positive
"Nothing about this comedy worked, especially the ending, incredibly weak effort overall.",Negative
"Poorly made war film, the editing was executed without any real skill or effort.",Negative
The pacing elevated this documentary into something genuinely special and unforgettable.,Positive
"Everything about this action movie worked, especially the pacing, truly impressive work.",Positive
"This biopic was painfully disappointing, the pacing felt lazy and uninspired.",Negative
The script elevated this thriller into something genuinely special and unforgettable.,Positive
"Weak drama, the soundtrack was confusing and the ending left me absolutely annoyed and unsatisfied.",Negative
"Weak thriller, the special effects was confusing and the ending left me absolutely annoyed and unsatisfied.",Negative
"I hated most of this drama, especially the pacing which felt so fake and forced.",Negative
"Everything about this horror film worked, especially the cinematography, truly impressive work.",Positive
"Nothing about this musical worked, especially the editing, truly weak effort overall.",Negative
"Everything about this war film worked, especially the soundtrack, wonderfully impressive work.",Positive
The storyline elevated this romance into something wonderfully special and unforgettable.,Positive
A poorly crafted documentary that shows a truly lack of effort in soundtrack and storytelling.,Negative
A poorly crafted action movie that shows a absolutely lack of effort in world building and storytelling.,Negative
"A frustrating watch with awful cinematography, remarkably one of my least favorite films.",Negative
"Nothing about this romance worked, especially the acting, truly weak effort overall.",Negative
"What a genuinely fantastic sci-fi film, the storyline was the highlight of my whole week.",Positive
"A mess of a fantasy film, the direction alone makes it genuinely not worth watching at all.",Negative
"A masterpiece of a mystery, the plot alone makes it remarkably worth watching multiple times.",Positive
"Poorly made comedy, the plot was executed without any real skill or effort.",Negative
"What a absolutely fantastic drama, the pacing was the highlight of my whole week.",Positive
"I loved every minute of this mystery, especially the characters which felt so authentic.",Positive
"Everything about this horror film worked, especially the pacing, absolutely impressive work.",Positive
"Beautifully made romance, the performance was executed with incredibly real skill and passion.",Positive
"A masterpiece of a mystery, the special effects alone makes it absolutely worth watching multiple times.",Positive
A wonderfully crafted mystery that shows absolutely real mastery in performance and storytelling.,Positive
"This movie's chemistry between the leads is a shining example of great filmmaking, remarkably recommended.",Positive
"I loved every minute of this drama, especially the script which felt so authentic.",Positive
"This biopic was truly brilliant, the direction kept me hooked from start to finish.",Positive
A wonderfully crafted thriller that shows truly real mastery in storyline and storytelling.,Positive
"I was wonderfully blown away by the screenplay, this action movie exceeded all my expectations.",Positive
"This comedy was genuinely disappointing, the world building felt lazy and uninspired.",Negative
"Nothing about this documentary worked, especially the editing, incredibly weak effort overall.",Negative
The dialogue was so poorly done that I regretted watching this action movie at all.,Negative
A wonderfully crafted fantasy film that shows incredibly real mastery in chemistry between the leads and storytelling.,Positive
"I was wonderfully blown away by the special effects, this animated film exceeded all my expectations.",Positive
"Weak romance, the world building was confusing and the ending left me incredibly annoyed and unsatisfied.",Negative
"Nothing about this thriller worked, especially the screenplay, painfully weak effort overall.",Negative
"Incredible action movie with fantastic world building, I couldn't look away for a single second.",Positive
"I loved every minute of this thriller, especially the screenplay which felt so authentic.",Positive
"This movie's soundtrack is a perfect example of bad filmmaking, painfully would not recommend.",Negative
"What a absolutely fantastic comedy, the storyline was the highlight of my whole week.",Positive
"I was incredibly blown away by the characters, this sci-fi film exceeded all my expectations.",Positive
"A masterpiece of a thriller, the ending alone makes it genuinely worth watching multiple times.",Positive
A wonderfully crafted biopic that shows absolutely real mastery in pacing and storytelling.,Positive
"A masterpiece of a animated film, the soundtrack alone makes it incredibly worth watching multiple times.",Positive
"This documentary was remarkably brilliant, the screenplay kept me hooked from start to finish.",Positive
The world building was so well done that I immediately wanted to watch this mystery again.,Positive
The cinematography was so well done that I immediately wanted to watch this romance again.,Positive
A wonderfully crafted fantasy film that shows genuinely real mastery in editing and storytelling.,Positive
A wonderfully crafted sci-fi film that shows truly real mastery in acting and storytelling.,Positive
"Weak action movie, the dialogue was confusing and the ending left me remarkably annoyed and unsatisfied.",Negative
"I loved every minute of this action movie, especially the script which felt so authentic.",Positive
"Everything about this thriller worked, especially the special effects, absolutely impressive work.",Positive
"A masterpiece of a thriller, the screenplay alone makes it truly worth watching multiple times.",Positive
"A mess of a war film, the editing alone makes it truly not worth watching at all.",Negative
"Weak drama, the editing was confusing and the ending left me incredibly annoyed and unsatisfied.",Negative
"This fantasy film was remarkably brilliant, the performance kept me hooked from start to finish.",Positive
"I was incredibly let down by the direction, this horror film failed to meet even low expectations.",Negative
"This animated film was painfully disappointing, the performance felt lazy and uninspired.",Negative
"What a truly fantastic horror film, the pacing was the highlight of my whole week.",Positive
"Poorly made thriller, the special effects was executed without any real skill or effort.",Negative
"This crime drama was absolutely brilliant, the performance kept me hooked from start to finish.",Positive
"A masterpiece of a mystery, the pacing alone makes it wonderfully worth watching multiple times.",Positive
"Nothing about this biopic worked, especially the soundtrack, painfully weak effort overall.",Negative
A poorly crafted fantasy film that shows a incredibly lack of effort in characters and storytelling.,Negative
"A mess of a horror film, the world building alone makes it genuinely not worth watching at all.",Negative
"I was truly let down by the chemistry between the leads, this war film failed to meet even low expectations.",Negative
"Incredible mystery with fantastic direction, I couldn't look away for a single second.",Positive
"This comedy was truly brilliant, the visual style kept me hooked from start to finish.",Positive
"I was remarkably blown away by the editing, this mystery exceeded all my expectations.",Positive
"What a painfully disappointing sci-fi film, the acting ruined the whole experience for me.",Negative
A wonderfully crafted crime drama that shows genuinely real mastery in script and storytelling.,Positive
The direction dragged this animated film down into something genuinely forgettable and disappointing.,Negative
The cinematography was so poorly done that I regretted watching this horror film at all.,Negative
A wonderfully crafted sci-fi film that shows remarkably real mastery in dialogue and storytelling.,Positive
The plot was so poorly done that I regretted watching this fantasy film at all.,Negative
"I was wonderfully blown away by the chemistry between the leads, this drama exceeded all my expectations.",Positive
The cinematography elevated this crime drama into something remarkably special and unforgettable.,Positive
"This crime drama was remarkably brilliant, the special effects kept me hooked from start to finish.",Positive
"Everything about this mystery worked, especially the script, remarkably impressive work.",Positive
"Superb musical, the performance was engaging and the ending left me speechless in a good way.",Positive
"This crime drama was remarkably brilliant, the chemistry between the leads kept me hooked from start to finish.",Positive
"What a remarkably disappointing crime drama, the storyline ruined the whole experience for me.",Negative
A wonderfully crafted drama that shows incredibly real mastery in script and storytelling.,Positive
"Weak drama, the soundtrack was confusing and the ending left me truly annoyed and unsatisfied.",Negative
"Weak sci-fi film, the soundtrack was confusing and the ending left me incredibly annoyed and unsatisfied.",Negative
The performance dragged this fantasy film down into something remarkably forgettable and disappointing.,Negative
"Weak war film, the performance was confusing and the ending left me painfully annoyed and unsatisfied.",Negative
"A mess of a horror film, the ending alone makes it remarkably not worth watching at all.",Negative
"Weak animated film, the ending was confusing and the ending left me painfully annoyed and unsatisfied.",Negative
The special effects was dreadful and the story dragged on incredibly after a promising start.,Negative
"I loved every minute of this drama, especially the storyline which felt so authentic.",Positive
The pacing was so poorly done that I regretted watching this sci-fi film at all.,Negative
"Nothing about this mystery worked, especially the visual style, incredibly weak effort overall.",Negative
"I was absolutely let down by the pacing, this documentary failed to meet even low expectations.",Negative
"Incredible musical with fantastic acting, I couldn't look away for a single second.",Positive
"This musical was remarkably disappointing, the storyline felt lazy and uninspired.",Negative
"Weak animated film, the soundtrack was confusing and the ending left me truly annoyed and unsatisfied.",Negative
The pacing elevated this horror film into something incredibly special and unforgettable.,Positive
The direction elevated this horror film into something genuinely special and unforgettable.,Positive
"Everything about this musical worked, especially the visual style, truly impressive work.",Positive
"This drama was truly brilliant, the pacing kept me hooked from start to finish.",Positive
The plot dragged this thriller down into something truly forgettable and disappointing.,Negative
"I hated most of this sci-fi film, especially the ending which felt so fake and forced.",Negative
"I was painfully let down by the plot, this comedy failed to meet even low expectations.",Negative
"I was genuinely blown away by the screenplay, this war film exceeded all my expectations.",Positive
"I loved every minute of this horror film, especially the visual style which felt so authentic.",Positive
"A masterpiece of a war film, the visual style alone makes it truly worth watching multiple times.",Positive
"I was wonderfully blown away by the visual style, this sci-fi film exceeded all my expectations.",Positive
"I was painfully let down by the editing, this comedy failed to meet even low expectations.",Negative
The editing elevated this comedy into something genuinely special and unforgettable.,Positive
The cinematography elevated this biopic into something genuinely special and unforgettable.,Positive
"This biopic was incredibly brilliant, the storyline kept me hooked from start to finish.",Positive
"A masterpiece of a thriller, the cinematography alone makes it incredibly worth watching multiple times.",Positive
"One of the worst movies I've seen this year, remarkably terrible cinematography and a boring experience.",Negative
"Weak animated film, the storyline was confusing and the ending left me painfully annoyed and unsatisfied.",Negative
"Nothing about this animated film worked, especially the plot, genuinely weak effort overall.",Negative
"I was remarkably blown away by the ending, this musical exceeded all my expectations.",Positive
"A masterpiece of a documentary, the dialogue alone makes it absolutely worth watching multiple times.",Positive
"Weak drama, the characters was confusing and the ending left me genuinely annoyed and unsatisfied.",Negative
"This mystery was remarkably brilliant, the performance kept me hooked from start to finish.",Positive
A poorly crafted sci-fi film that shows a truly lack of effort in pacing and storytelling.,Negative
"I hated most of this mystery, especially the cinematography which felt so fake and forced.",Negative
"What a painfully disappointing drama, the world building ruined the whole experience for me.",Negative
"A mess of a fantasy film, the visual style alone makes it truly not worth watching at all.",Negative
"Everything about this sci-fi film worked, especially the ending, wonderfully impressive work.",Positive
The visual style elevated this thriller into something wonderfully special and unforgettable.,Positive
"Beautifully made comedy, the world building was executed with absolutely real skill and passion.",Positive
"This movie's editing is a shining example of great filmmaking, truly recommended.",Positive
"Superb romance, the ending was engaging and the ending left me speechless in a good way.",Positive
"Terrible biopic with weak acting, I couldn't stay engaged for a single scene.",Negative
"I was genuinely blown away by the cinematography, this romance exceeded all my expectations.",Positive
"A masterpiece of a drama, the pacing alone makes it genuinely worth watching multiple times.",Positive
"A mess of a musical, the performance alone makes it genuinely not worth watching at all.",Negative
The world building was so well done that I immediately wanted to watch this musical again.,Positive
"I was remarkably let down by the storyline, this documentary failed to meet even low expectations.",Negative
"I was absolutely let down by the pacing, this war film failed to meet even low expectations.",Negative
"This war film was incredibly brilliant, the world building kept me hooked from start to finish.",Positive
"Weak horror film, the ending was confusing and the ending left me absolutely annoyed and unsatisfied.",Negative
"Nothing about this mystery worked, especially the chemistry between the leads, absolutely weak effort overall.",Negative
"I was remarkably blown away by the chemistry between the leads, this horror film exceeded all my expectations.",Positive
"This animated film was absolutely brilliant, the editing kept me hooked from start to finish.",Positive
The world building dragged this horror film down into something absolutely forgettable and disappointing.,Negative
A wonderfully crafted musical that shows genuinely real mastery in special effects and storytelling.,Positive
"Nothing about this documentary worked, especially the screenplay, absolutely weak effort overall.",Negative
"What a genuinely disappointing drama, the storyline ruined the whole experience for me.",Negative
"Everything about this war film worked, especially the pacing, remarkably impressive work.",Positive
"A masterpiece of a documentary, the chemistry between the leads alone makes it truly worth watching multiple times.",Positive
"What a genuinely fantastic action movie, the script was the highlight of my whole week.",Positive
"Weak romance, the performance was confusing and the ending left me absolutely annoyed and unsatisfied.",Negative
"Incredible crime drama with fantastic storyline, I couldn't look away for a single second.",Positive
"Beautifully made thriller, the direction was executed with wonderfully real skill and passion.",Positive
"I was genuinely blown away by the ending, this biopic exceeded all my expectations.",Positive
"Everything about this comedy worked, especially the direction, remarkably impressive work.",Positive
"Weak romance, the acting was confusing and the ending left me genuinely annoyed and unsatisfied.",Negative
"An emotional rollercoaster with brilliant storyline, truly one of my favorite films.",Positive
"What a incredibly disappointing war film, the acting ruined the whole experience for me.",Negative
The pacing dragged this documentary down into something remarkably forgettable and disappointing.,Negative
"I hated most of this documentary, especially the performance which felt so fake and forced.",Negative
"I was truly blown away by the direction, this musical exceeded all my expectations.",Positive
The pacing dragged this drama down into something remarkably forgettable and disappointing.,Negative
"I was incredibly let down by the visual style, this musical failed to meet even low expectations.",Negative
"I was remarkably blown away by the storyline, this mystery exceeded all my expectations.",Positive
"One of the worst movies I've seen this year, painfully terrible soundtrack and a boring experience.",Negative
"Terrible romance with weak pacing, I couldn't stay engaged for a single scene.",Negative
A wonderfully crafted mystery that shows truly real mastery in ending and storytelling.,Positive
"Beautifully made drama, the acting was executed with genuinely real skill and passion.",Positive
"I was painfully let down by the chemistry between the leads, this crime drama failed to meet even low expectations.",Negative
"A masterpiece of a horror film, the characters alone makes it truly worth watching multiple times.",Positive
"Superb war film, the direction was engaging and the ending left me speechless in a good way.",Positive
"A mess of a fantasy film, the special effects alone makes it painfully not worth watching at all.",Negative
The acting was so poorly done that I regretted watching this crime drama at all.,Negative
"This movie's chemistry between the leads is a perfect example of bad filmmaking, incredibly would not recommend.",Negative
"A masterpiece of a mystery, the characters alone makes it genuinely worth watching multiple times.",Positive
The characters dragged this war film down into something absolutely forgettable and disappointing.,Negative
A wonderfully crafted biopic that shows incredibly real mastery in special effects and storytelling.,Positive
"What a remarkably fantastic war film, the performance was the highlight of my whole week.",Positive
"What a genuinely disappointing thriller, the special effects ruined the whole experience for me.",Negative
"Poorly made action movie, the ending was executed without any real skill or effort.",Negative
"A masterpiece of a horror film, the ending alone makes it genuinely worth watching multiple times.",Positive
"This romance was truly disappointing, the dialogue felt lazy and uninspired.",Negative
A wonderfully crafted comedy that shows incredibly real mastery in pacing and storytelling.,Positive
"I hated most of this fantasy film, especially the chemistry between the leads which felt so fake and forced.",Negative
"Nothing about this mystery worked, especially the plot, remarkably weak effort overall.",Negative
"I hated most of this sci-fi film, especially the storyline which felt so fake and forced.",Negative
The performance elevated this war film into something truly special and unforgettable.,Positive
"What a absolutely disappointing mystery, the cinematography ruined the whole experience for me.",Negative
"A mess of a sci-fi film, the world building alone makes it remarkably not worth watching at all.",Negative
"This animated film was wonderfully brilliant, the pacing kept me hooked from start to finish.",Positive
"An emotional rollercoaster with brilliant special effects, absolutely one of my favorite films.",Positive
"This musical was incredibly disappointing, the special effects felt lazy and uninspired.",Negative
"Incredible biopic with fantastic direction, I couldn't look away for a single second.",Positive
"A mess of a action movie, the acting alone makes it incredibly not worth watching at all.",Negative
"Beautifully made thriller, the plot was executed with incredibly real skill and passion.",Positive
"A mess of a action movie, the editing alone makes it incredibly not worth watching at all.",Negative
"Nothing about this romance worked, especially the storyline, remarkably weak effort overall.",Negative
"This movie's special effects is a perfect example of bad filmmaking, painfully would not recommend.",Negative
"I hated most of this documentary, especially the plot which felt so fake and forced.",Negative
"An emotional rollercoaster with brilliant visual style, wonderfully one of my favorite films.",Positive
"Everything about this crime drama worked, especially the screenplay, truly impressive work.",Positive
"What a painfully disappointing comedy, the editing ruined the whole experience for me.",Negative
"I loved every minute of this animated film, especially the plot which felt so authentic.",Positive
"Nothing about this sci-fi film worked, especially the plot, absolutely weak effort overall.",Negative
The acting dragged this drama down into something incredibly forgettable and disappointing.,Negative
The chemistry between the leads dragged this crime drama down into something incredibly forgettable and disappointing.,Negative
"Beautifully made horror film, the screenplay was executed with incredibly real skill and passion.",Positive
"Incredible romance with fantastic performance, I couldn't look away for a single second.",Positive
"What a incredibly disappointing war film, the characters ruined the whole experience for me.",Negative
"Superb documentary, the special effects was engaging and the ending left me speechless in a good way.",Positive
The direction elevated this crime drama into something absolutely special and unforgettable.,Positive
"This sci-fi film was truly brilliant, the acting kept me hooked from start to finish.",Positive
"I hated most of this thriller, especially the visual style which felt so fake and forced.",Negative
The performance elevated this comedy into something genuinely special and unforgettable.,Positive
"Beautifully made drama, the characters was executed with remarkably real skill and passion.",Positive
The world building elevated this thriller into something wonderfully special and unforgettable.,Positive
The chemistry between the leads was so well done that I immediately wanted to watch this crime drama again.,Positive
"Beautifully made war film, the ending was executed with genuinely real skill and passion.",Positive
"A mess of a sci-fi film, the plot alone makes it absolutely not worth watching at all.",Negative
"This documentary was remarkably brilliant, the world building kept me hooked from start to finish.",Positive
"Beautifully made documentary, the direction was executed with absolutely real skill and passion.",Positive
"Poorly made crime drama, the dialogue was executed without any real skill or effort.",Negative
The world building dragged this comedy down into something incredibly forgettable and disappointing.,Negative
"Nothing about this comedy worked, especially the screenplay, incredibly weak effort overall.",Negative
"I was remarkably let down by the pacing, this romance failed to meet even low expectations.",Negative
A poorly crafted fantasy film that shows a genuinely lack of effort in pacing and storytelling.,Negative
A wonderfully crafted horror film that shows genuinely real mastery in screenplay and storytelling.,Positive
"Incredible documentary with fantastic script, I couldn't look away for a single second.",Positive
"This movie's chemistry between the leads is a perfect example of bad filmmaking, remarkably would not recommend.",Negative
A wonderfully crafted animated film that shows wonderfully real mastery in performance and storytelling.,Positive
"I loved every minute of this drama, especially the screenplay which felt so authentic.",Positive
"A mess of a biopic, the soundtrack alone makes it genuinely not worth watching at all.",Negative
"Everything about this romance worked, especially the cinematography, genuinely impressive work.",Positive
"What a remarkably fantastic war film, the special effects was the highlight of my whole week.",Positive
"I hated most of this biopic, especially the characters which felt so fake and forced.",Negative
"This documentary was genuinely disappointing, the direction felt lazy and uninspired.",Negative
"This drama was absolutely disappointing, the chemistry between the leads felt lazy and uninspired.",Negative
"Weak thriller, the screenplay was confusing and the ending left me remarkably annoyed and unsatisfied.",Negative
"I was absolutely let down by the pacing, this thriller failed to meet even low expectations.",Negative
"Beautifully made animated film, the script was executed with truly real skill and passion.",Positive
"Incredible action movie with fantastic characters, I couldn't look away for a single second.",Positive
The chemistry between the leads dragged this fantasy film down into something truly forgettable and disappointing.,Negative
"A mess of a romance, the performance alone makes it remarkably not worth watching at all.",Negative
"I was remarkably let down by the visual style, this mystery failed to meet even low expectations.",Negative
"Beautifully made horror film, the cinematography was executed with genuinely real skill and passion.",Positive
"I was absolutely blown away by the performance, this drama exceeded all my expectations.",Positive
"I was absolutely let down by the cinematography, this fantasy film failed to meet even low expectations.",Negative
"This movie's special effects is a shining example of great filmmaking, genuinely recommended.",Positive
"Poorly made action movie, the screenplay was executed without any real skill or effort.",Negative
"This movie's direction is a perfect example of bad filmmaking, incredibly would not recommend.",Negative
"Superb crime drama, the storyline was engaging and the ending left me speechless in a good way.",Positive
"Weak war film, the ending was confusing and the ending left me incredibly annoyed and unsatisfied.",Negative
"A frustrating watch with awful world building, painfully one of my least favorite films.",Negative
"One of the worst movies I've seen this year, remarkably terrible acting and a boring experience.",Negative
The screenplay dragged this thriller down into something truly forgettable and disappointing.,Negative
"Incredible sci-fi film with fantastic ending, I couldn't look away for a single second.",Positive
The soundtrack was so poorly done that I regretted watching this musical at all.,Negative
The acting dragged this war film down into something incredibly forgettable and disappointing.,Negative
"What a truly disappointing drama, the world building ruined the whole experience for me.",Negative
The characters dragged this animated film down into something genuinely forgettable and disappointing.,Negative
"Nothing about this horror film worked, especially the world building, absolutely weak effort overall.",Negative
"I loved every minute of this mystery, especially the acting which felt so authentic.",Positive
"This thriller was remarkably brilliant, the chemistry between the leads kept me hooked from start to finish.",Positive
"Incredible drama with fantastic world building, I couldn't look away for a single second.",Positive
"What a incredibly fantastic crime drama, the special effects was the highlight of my whole week.",Positive
"An emotional rollercoaster with brilliant pacing, wonderfully one of my favorite films.",Positive
"Everything about this musical worked, especially the soundtrack, remarkably impressive work.",Positive
"A masterpiece of a comedy, the visual style alone makes it wonderfully worth watching multiple times.",Positive
"This movie's direction is a perfect example of bad filmmaking, truly would not recommend.",Negative
"A mess of a mystery, the script alone makes it remarkably not worth watching at all.",Negative
"I loved every minute of this animated film, especially the storyline which felt so authentic.",Positive
"I was genuinely let down by the direction, this fantasy film failed to meet even low expectations.",Negative
"A mess of a biopic, the dialogue alone makes it truly not worth watching at all.",Negative
The chemistry between the leads was so poorly done that I regretted watching this horror film at all.,Negative
"A mess of a horror film, the special effects alone makes it truly not worth watching at all.",Negative
"What a absolutely fantastic war film, the special effects was the highlight of my whole week.",Positive
"What a wonderfully fantastic war film, the soundtrack was the highlight of my whole week.",Positive
"I was incredibly let down by the special effects, this drama failed to meet even low expectations.",Negative
"Everything about this romance worked, especially the acting, remarkably impressive work.",Positive
"A mess of a sci-fi film, the screenplay alone makes it incredibly not worth watching at all.",Negative
"This crime drama was genuinely disappointing, the visual style felt lazy and uninspired.",Negative
"Everything about this crime drama worked, especially the dialogue, truly impressive work.",Positive
"What a remarkably fantastic comedy, the pacing was the highlight of my whole week.",Positive
A wonderfully crafted comedy that shows genuinely real mastery in script and storytelling.,Positive
A wonderfully crafted comedy that shows truly real mastery in direction and storytelling.,Positive
"This fantasy film was incredibly brilliant, the dialogue kept me hooked from start to finish.",Positive
The world building was so well done that I immediately wanted to watch this drama again.,Positive
"This mystery was remarkably disappointing, the screenplay felt lazy and uninspired.",Negative
"A mess of a thriller, the characters alone makes it absolutely not worth watching at all.",Negative
"Nothing about this mystery worked, especially the screenplay, absolutely weak effort overall.",Negative
"What a absolutely disappointing musical, the storyline ruined the whole experience for me.",Negative
"What a painfully disappointing fantasy film, the pacing ruined the whole experience for me.",Negative
"Everything about this crime drama worked, especially the special effects, genuinely impressive work.",Positive
"A masterpiece of a thriller, the pacing alone makes it incredibly worth watching multiple times.",Positive
"This fantasy film was truly brilliant, the storyline kept me hooked from start to finish.",Positive
"A mess of a sci-fi film, the world building alone makes it incredibly not worth watching at all.",Negative
"What a genuinely fantastic fantasy film, the plot was the highlight of my whole week.",Positive
"A masterpiece of a sci-fi film, the soundtrack alone makes it absolutely worth watching multiple times.",Positive
The cinematography elevated this sci-fi film into something absolutely special and unforgettable.,Positive
"What a remarkably disappointing drama, the plot ruined the whole experience for me.",Negative
"Beautifully made crime drama, the storyline was executed with genuinely real skill and passion.",Positive
The visual style elevated this horror film into something incredibly special and unforgettable.,Positive
The direction was so well done that I immediately wanted to watch this horror film again.,Positive
"Weak animated film, the chemistry between the leads was confusing and the ending left me genuinely annoyed and unsatisfied.",Negative
"What a genuinely fantastic crime drama, the dialogue was the highlight of my whole week.",Positive
"Weak mystery, the visual style was confusing and the ending left me incredibly annoyed and unsatisfied.",Negative
"This movie's acting is a shining example of great filmmaking, remarkably recommended.",Positive
"What a wonderfully fantastic drama, the characters was the highlight of my whole week.",Positive
"Nothing about this musical worked, especially the pacing, incredibly weak effort overall.",Negative
The plot was so well done that I immediately wanted to watch this drama again.,Positive
"Everything about this biopic worked, especially the performance, incredibly impressive work.",Positive
"I was wonderfully blown away by the acting, this comedy exceeded all my expectations.",Positive
"A mess of a war film, the editing alone makes it genuinely not worth watching at all.",Negative
"I was incredibly let down by the direction, this war film failed to meet even low expectations.",Negative
"Beautifully made thriller, the special effects was executed with genuinely real skill and passion.",Positive
"A mess of a documentary, the chemistry between the leads alone makes it truly not worth watching at all.",Negative
"I was remarkably let down by the acting, this animated film failed to meet even low expectations.",Negative
A wonderfully crafted fantasy film that shows incredibly real mastery in special effects and storytelling.,Positive
"An emotional rollercoaster with brilliant cinematography, incredibly one of my favorite films.",Positive
"I was genuinely blown away by the direction, this drama exceeded all my expectations.",Positive
"Everything about this war film worked, especially the world building, truly impressive work.",Positive
The dialogue dragged this mystery down into something remarkably forgettable and disappointing.,Negative
"Weak war film, the dialogue was confusing and the ending left me genuinely annoyed and unsatisfied.",Negative
"What a absolutely fantastic horror film, the acting was the highlight of my whole week.",Positive
"I was incredibly let down by the acting, this horror film failed to meet even low expectations.",Negative
The screenplay dragged this comedy down into something incredibly forgettable and disappointing.,Negative
"I was truly let down by the performance, this romance failed to meet even low expectations.",Negative
"This biopic was wonderfully brilliant, the acting kept me hooked from start to finish.",Positive
The pacing elevated this documentary into something incredibly special and unforgettable.,Positive
"What a remarkably fantastic drama, the editing was the highlight of my whole week.",Positive
A poorly crafted fantasy film that shows a painfully lack of effort in special effects and storytelling.,Negative
"I loved every minute of this drama, especially the visual style which felt so authentic.",Positive
"I was remarkably blown away by the performance, this animated film exceeded all my expectations.",Positive
"A frustrating watch with awful cinematography, painfully one of my least favorite films.",Negative
A poorly crafted crime drama that shows a painfully lack of effort in script and storytelling.,Negative
"Everything about this sci-fi film worked, especially the performance, absolutely impressive work.",Positive
"This thriller was wonderfully brilliant, the visual style kept me hooked from start to finish.",Positive
The characters dragged this fantasy film down into something truly forgettable and disappointing.,Negative
The ending dragged this biopic down into something incredibly forgettable and disappointing.,Negative
"Beautifully made sci-fi film, the acting was executed with absolutely real skill and passion.",Positive
The pacing dragged this thriller down into something truly forgettable and disappointing.,Negative
"Weak crime drama, the visual style was confusing and the ending left me truly annoyed and unsatisfied.",Negative
"A frustrating watch with awful world building, incredibly one of my least favorite films.",Negative
"What a truly disappointing action movie, the cinematography ruined the whole experience for me.",Negative
"Everything about this animated film worked, especially the acting, truly impressive work.",Positive
A poorly crafted action movie that shows a painfully lack of effort in ending and storytelling.,Negative
"What a remarkably disappointing comedy, the editing ruined the whole experience for me.",Negative
The plot dragged this thriller down into something genuinely forgettable and disappointing.,Negative
"Terrible war film with weak characters, I couldn't stay engaged for a single scene.",Negative
"A masterpiece of a sci-fi film, the cinematography alone makes it absolutely worth watching multiple times.",Positive
The script was so well done that I immediately wanted to watch this documentary again.,Positive
"I was remarkably let down by the world building, this romance failed to meet even low expectations.",Negative
"This documentary was absolutely disappointing, the world building felt lazy and uninspired.",Negative
"A mess of a animated film, the screenplay alone makes it genuinely not worth watching at all.",Negative
A wonderfully crafted biopic that shows truly real mastery in plot and storytelling.,Positive
"I was wonderfully blown away by the editing, this animated film exceeded all my expectations.",Positive
"Incredible action movie with fantastic plot, I couldn't look away for a single second.",Positive
"Beautifully made horror film, the plot was executed with absolutely real skill and passion.",Positive
The performance was so well done that I immediately wanted to watch this horror film again.,Positive
"This war film was absolutely brilliant, the soundtrack kept me hooked from start to finish.",Positive
"What a remarkably fantastic sci-fi film, the script was the highlight of my whole week.",Positive
"A masterpiece of a biopic, the pacing alone makes it genuinely worth watching multiple times.",Positive
"This comedy was truly disappointing, the acting felt lazy and uninspired.",Negative
"Beautifully made action movie, the script was executed with genuinely real skill and passion.",Positive
"What a wonderfully fantastic mystery, the script was the highlight of my whole week.",Positive
A wonderfully crafted horror film that shows wonderfully real mastery in visual style and storytelling.,Positive
A poorly crafted thriller that shows a remarkably lack of effort in screenplay and storytelling.,Negative
"I was painfully let down by the dialogue, this fantasy film failed to meet even low expectations.",Negative
"This mystery was truly brilliant, the visual style kept me hooked from start to finish.",Positive
"A mess of a war film, the pacing alone makes it painfully not worth watching at all.",Negative
"Beautifully made musical, the visual style was executed with wonderfully real skill and passion.",Positive
"A mess of a drama, the pacing alone makes it truly not worth watching at all.",Negative
"What a painfully disappointing romance, the plot ruined the whole experience for me.",Negative
A poorly crafted fantasy film that shows a absolutely lack of effort in screenplay and storytelling.,Negative
"Weak fantasy film, the plot was confusing and the ending left me absolutely annoyed and unsatisfied.",Negative
"I hated most of this musical, especially the visual style which felt so fake and forced.",Negative
"A masterpiece of a romance, the direction alone makes it remarkably worth watching multiple times.",Positive
"Everything about this musical worked, especially the chemistry between the leads, remarkably impressive work.",Positive
"Terrible documentary with weak editing, I couldn't stay engaged for a single scene.",Negative
"A mess of a horror film, the plot alone makes it genuinely not worth watching at all.",Negative
"This fantasy film was wonderfully brilliant, the direction kept me hooked from start to finish.",Positive
"Everything about this animated film worked, especially the screenplay, absolutely impressive work.",Positive
"A masterpiece of a musical, the editing alone makes it wonderfully worth watching multiple times.",Positive
"What a genuinely fantastic sci-fi film, the soundtrack was the highlight of my whole week.",Positive
"What a absolutely fantastic war film, the world building was the highlight of my whole week.",Positive
"A mess of a biopic, the ending alone makes it remarkably not worth watching at all.",Negative
"A masterpiece of a horror film, the chemistry between the leads alone makes it truly worth watching multiple times.",Positive
"A masterpiece of a biopic, the chemistry between the leads alone makes it remarkably worth watching multiple times.",Positive
"Nothing about this musical worked, especially the direction, genuinely weak effort overall.",Negative
"A masterpiece of a documentary, the ending alone makes it incredibly worth watching multiple times.",Positive
"This movie's cinematography is a perfect example of bad filmmaking, genuinely would not recommend.",Negative
The visual style dragged this biopic down into something painfully forgettable and disappointing.,Negative
"What a absolutely disappointing horror film, the world building ruined the whole experience for me.",Negative
"I was incredibly let down by the performance, this documentary failed to meet even low expectations.",Negative
"I hated most of this drama, especially the direction which felt so fake and forced.",Negative
"I loved every minute of this war film, especially the special effects which felt so authentic.",Positive
"Nothing about this documentary worked, especially the special effects, painfully weak effort overall.",Negative
"A mess of a fantasy film, the pacing alone makes it genuinely not worth watching at all.",Negative
"Incredible biopic with fantastic chemistry between the leads, I couldn't look away for a single second.",Positive
A wonderfully crafted documentary that shows incredibly real mastery in special effects and storytelling.,Positive
"A mess of a fantasy film, the ending alone makes it incredibly not worth watching at all.",Negative
The visual style was dreadful and the story dragged on remarkably after a promising start.,Negative
"I was absolutely let down by the direction, this horror film failed to meet even low expectations.",Negative
The acting dragged this sci-fi film down into something genuinely forgettable and disappointing.,Negative
The visual style elevated this horror film into something wonderfully special and unforgettable.,Positive
"A frustrating watch with awful acting, painfully one of my least favorite films.",Negative
"I loved every minute of this animated film, especially the ending which felt so authentic.",Positive
"Beautifully made documentary, the characters was executed with genuinely real skill and passion.",Positive
A poorly crafted horror film that shows a absolutely lack of effort in chemistry between the leads and storytelling.,Negative
A poorly crafted romance that shows a truly lack of effort in storyline and storytelling.,Negative
A poorly crafted drama that shows a genuinely lack of effort in direction and storytelling.,Negative
"I loved every minute of this mystery, especially the dialogue which felt so authentic.",Positive
The soundtrack elevated this action movie into something remarkably special and unforgettable.,Positive
"One of the worst movies I've seen this year, incredibly terrible screenplay and a boring experience.",Negative
"I was truly blown away by the chemistry between the leads, this sci-fi film exceeded all my expectations.",Positive
"A masterpiece of a biopic, the script alone makes it genuinely worth watching multiple times.",Positive
"Nothing about this biopic worked, especially the pacing, absolutely weak effort overall.",Negative
"What a incredibly fantastic comedy, the direction was the highlight of my whole week.",Positive
The acting was so well done that I immediately wanted to watch this romance again.,Positive
"This biopic was remarkably brilliant, the pacing kept me hooked from start to finish.",Positive
A poorly crafted action movie that shows a incredibly lack of effort in acting and storytelling.,Negative
"What a remarkably disappointing romance, the characters ruined the whole experience for me.",Negative
"What a truly disappointing comedy, the acting ruined the whole experience for me.",Negative
"I was genuinely blown away by the world building, this horror film exceeded all my expectations.",Positive
"Everything about this romance worked, especially the plot, absolutely impressive work.",Positive
"What a painfully disappointing crime drama, the direction ruined the whole experience for me.",Negative
"What a truly disappointing action movie, the screenplay ruined the whole experience for me.",Negative
"A mess of a comedy, the soundtrack alone makes it absolutely not worth watching at all.",Negative
"I was absolutely let down by the screenplay, this biopic failed to meet even low expectations.",Negative
"What a incredibly disappointing thriller, the editing ruined the whole experience for me.",Negative
"A mess of a horror film, the acting alone makes it truly not worth watching at all.",Negative
"A mess of a sci-fi film, the ending alone makes it absolutely not worth watching at all.",Negative
A poorly crafted thriller that shows a remarkably lack of effort in performance and storytelling.,Negative
The acting was so poorly done that I regretted watching this comedy at all.,Negative
"Superb drama, the storyline was engaging and the ending left me speechless in a good way.",Positive
"A masterpiece of a musical, the editing alone makes it incredibly worth watching multiple times.",Positive
"A mess of a horror film, the script alone makes it absolutely not worth watching at all.",Negative
"Terrible war film with weak world building, I couldn't stay engaged for a single scene.",Negative
The plot was so well done that I immediately wanted to watch this animated film again.,Positive
"I was remarkably let down by the cinematography, this drama failed to meet even low expectations.",Negative
"I was incredibly let down by the plot, this action movie failed to meet even low expectations.",Negative
The ending elevated this animated film into something remarkably special and unforgettable.,Positive
The world building dragged this horror film down into something incredibly forgettable and disappointing.,Negative
"Nothing about this musical worked, especially the visual style, painfully weak effort overall.",Negative
"A mess of a comedy, the cinematography alone makes it absolutely not worth watching at all.",Negative
"What a truly disappointing documentary, the chemistry between the leads ruined the whole experience for me.",Negative
"What a absolutely fantastic romance, the dialogue was the highlight of my whole week.",Positive
"Superb crime drama, the screenplay was engaging and the ending left me speechless in a good way.",Positive
"This musical was painfully disappointing, the dialogue felt lazy and uninspired.",Negative
"Everything about this sci-fi film worked, especially the pacing, remarkably impressive work.",Positive
"What a genuinely fantastic biopic, the editing was the highlight of my whole week.",Positive
"Nothing about this biopic worked, especially the screenplay, painfully weak effort overall.",Negative
"Nothing about this mystery worked, especially the storyline, absolutely weak effort overall.",Negative
The chemistry between the leads dragged this romance down into something absolutely forgettable and disappointing.,Negative
"This fantasy film was remarkably brilliant, the screenplay kept me hooked from start to finish.",Positive
"I was remarkably let down by the pacing, this drama failed to meet even low expectations.",Negative
"Everything about this crime drama worked, especially the chemistry between the leads, genuinely impressive work.",Positive
"A mess of a fantasy film, the direction alone makes it remarkably not worth watching at all.",Negative
"I hated most of this mystery, especially the storyline which felt so fake and forced.",Negative
"What a incredibly disappointing horror film, the plot ruined the whole experience for me.",Negative
"Nothing about this biopic worked, especially the ending, absolutely weak effort overall.",Negative
The editing was so well done that I immediately wanted to watch this musical again.,Positive
"Everything about this horror film worked, especially the ending, truly impressive work.",Positive
"This war film was wonderfully brilliant, the dialogue kept me hooked from start to finish.",Positive
"This musical was wonderfully brilliant, the acting kept me hooked from start to finish.",Positive
"Weak romance, the cinematography was confusing and the ending left me truly annoyed and unsatisfied.",Negative
The ending was so well done that I immediately wanted to watch this comedy again.,Positive
The cinematography was so poorly done that I regretted watching this action movie at all.,Negative
"A mess of a romance, the plot alone makes it absolutely not worth watching at all.",Negative
"This musical was genuinely brilliant, the acting kept me hooked from start to finish.",Positive
"Everything about this animated film worked, especially the direction, absolutely impressive work.",Positive
The world building was so well done that I immediately wanted to watch this documentary again.,Positive
"Beautifully made horror film, the script was executed with absolutely real skill and passion.",Positive
"I was absolutely blown away by the editing, this musical exceeded all my expectations.",Positive
The ending was so poorly done that I regretted watching this sci-fi film at all.,Negative
"What a absolutely disappointing war film, the editing ruined the whole experience for me.",Negative
"Everything about this action movie worked, especially the storyline, incredibly impressive work.",Positive
"Poorly made romance, the cinematography was executed without any real skill or effort.",Negative
"What a remarkably fantastic biopic, the cinematography was the highlight of my whole week.",Positive
The special effects elevated this animated film into something wonderfully special and unforgettable.,Positive
The script elevated this drama into something remarkably special and unforgettable.,Positive
"Terrible sci-fi film with weak ending, I couldn't stay engaged for a single scene.",Negative
"This horror film was incredibly disappointing, the visual style felt lazy and uninspired.",Negative
"Beautifully made animated film, the special effects was executed with wonderfully real skill and passion.",Positive
A wonderfully crafted romance that shows wonderfully real mastery in script and storytelling.,Positive
"A masterpiece of a action movie, the plot alone makes it genuinely worth watching multiple times.",Positive
The script dragged this comedy down into something remarkably forgettable and disappointing.,Negative
"This musical was genuinely brilliant, the script kept me hooked from start to finish.",Positive
"Beautifully made thriller, the characters was executed with genuinely real skill and passion.",Positive
"I was truly blown away by the dialogue, this fantasy film exceeded all my expectations.",Positive
A poorly crafted sci-fi film that shows a absolutely lack of effort in direction and storytelling.,Negative
"What a truly fantastic thriller, the soundtrack was the highlight of my whole week.",Positive
"One of the worst movies I've seen this year, truly terrible direction and a boring experience.",Negative
"Beautifully made musical, the pacing was executed with remarkably real skill and passion.",Positive
"What a remarkably fantastic musical, the special effects was the highlight of my whole week.",Positive
The storyline elevated this romance into something genuinely special and unforgettable.,Positive
"This sci-fi film was remarkably brilliant, the direction kept me hooked from start to finish.",Positive
"I was absolutely blown away by the ending, this action movie exceeded all my expectations.",Positive
The screenplay elevated this thriller into something remarkably special and unforgettable.,Positive
The visual style was so poorly done that I regretted watching this crime drama at all.,Negative
"Terrible horror film with weak plot, I couldn't stay engaged for a single scene.",Negative
"Nothing about this musical worked, especially the direction, truly weak effort overall.",Negative
A poorly crafted comedy that shows a remarkably lack of effort in script and storytelling.,Negative
"Weak fantasy film, the pacing was confusing and the ending left me truly annoyed and unsatisfied.",Negative
"A masterpiece of a thriller, the dialogue alone makes it incredibly worth watching multiple times.",Positive
The dialogue was so well done that I immediately wanted to watch this mystery again.,Positive
"This fantasy film was incredibly disappointing, the soundtrack felt lazy and uninspired.",Negative
"Poorly made war film, the screenplay was executed without any real skill or effort.",Negative
The plot dragged this crime drama down into something absolutely forgettable and disappointing.,Negative
"Weak sci-fi film, the characters was confusing and the ending left me truly annoyed and unsatisfied.",Negative
"I was truly blown away by the cinematography, this mystery exceeded all my expectations.",Positive
"I was truly blown away by the storyline, this animated film exceeded all my expectations.",Positive
"This drama was remarkably disappointing, the chemistry between the leads felt lazy and uninspired.",Negative
"Terrible romance with weak cinematography, I couldn't stay engaged for a single scene.",Negative
"A mess of a romance, the visual style alone makes it genuinely not worth watching at all.",Negative
"A masterpiece of a thriller, the acting alone makes it truly worth watching multiple times.",Positive
"This musical was remarkably disappointing, the characters felt lazy and uninspired.",Negative
"Nothing about this war film worked, especially the ending, truly weak effort overall.",Negative
"What a genuinely fantastic biopic, the screenplay was the highlight of my whole week.",Positive
The cinematography was so poorly done that I regretted watching this biopic at all.,Negative
"This documentary was genuinely disappointing, the editing felt lazy and uninspired.",Negative
"A mess of a comedy, the script alone makes it genuinely not worth watching at all.",Negative
"A masterpiece of a action movie, the performance alone makes it genuinely worth watching multiple times.",Positive
"I was truly blown away by the special effects, this crime drama exceeded all my expectations.",Positive
"Superb mystery, the plot was engaging and the ending left me speechless in a good way.",Positive
"Incredible biopic with fantastic cinematography, I couldn't look away for a single second.",Positive
"Weak war film, the editing was confusing and the ending left me painfully annoyed and unsatisfied.",Negative
"I hated most of this musical, especially the direction which felt so fake and forced.",Negative
"An emotional rollercoaster with brilliant ending, genuinely one of my favorite films.",Positive
"What a incredibly fantastic musical, the storyline was the highlight of my whole week.",Positive
The plot elevated this animated film into something incredibly special and unforgettable.,Positive
"What a wonderfully fantastic horror film, the special effects was the highlight of my whole week.",Positive
A wonderfully crafted war film that shows genuinely real mastery in chemistry between the leads and storytelling.,Positive
"Terrible war film with weak chemistry between the leads, I couldn't stay engaged for a single scene.",Negative
A poorly crafted thriller that shows a genuinely lack of effort in direction and storytelling.,Negative
"A mess of a fantasy film, the dialogue alone makes it absolutely not worth watching at all.",Negative
"Terrible romance with weak direction, I couldn't stay engaged for a single scene.",Negative
"I was genuinely blown away by the characters, this mystery exceeded all my expectations.",Positive
"What a remarkably fantastic documentary, the chemistry between the leads was the highlight of my whole week.",Positive
"I was incredibly blown away by the storyline, this fantasy film exceeded all my expectations.",Positive
The script elevated this drama into something absolutely special and unforgettable.,Positive
"Nothing about this animated film worked, especially the plot, truly weak effort overall.",Negative
"An emotional rollercoaster with brilliant plot, incredibly one of my favorite films.",Positive
"What a genuinely disappointing drama, the script ruined the whole experience for me.",Negative
"Nothing about this sci-fi film worked, especially the special effects, painfully weak effort overall.",Negative
"This documentary was wonderfully brilliant, the pacing kept me hooked from start to finish.",Positive
"I was absolutely let down by the editing, this romance failed to meet even low expectations.",Negative
"Nothing about this biopic worked, especially the plot, truly weak effort overall.",Negative
"What a incredibly fantastic musical, the screenplay was the highlight of my whole week.",Positive
The editing dragged this horror film down into something truly forgettable and disappointing.,Negative
"This horror film was absolutely disappointing, the special effects felt lazy and uninspired.",Negative
"What a painfully disappointing fantasy film, the soundtrack ruined the whole experience for me.",Negative
A wonderfully crafted war film that shows incredibly real mastery in world building and storytelling.,Positive
The world building was dreadful and the story dragged on incredibly after a promising start.,Negative
"This horror film was remarkably disappointing, the world building felt lazy and uninspired.",Negative
"This drama was painfully disappointing, the performance felt lazy and uninspired.",Negative
"Everything about this comedy worked, especially the plot, genuinely impressive work.",Positive
The special effects elevated this sci-fi film into something wonderfully special and unforgettable.,Positive
"Beautifully made war film, the direction was executed with truly real skill and passion.",Positive
The performance elevated this musical into something incredibly special and unforgettable.,Positive
"Everything about this drama worked, especially the script, incredibly impressive work.",Positive
"This musical was remarkably brilliant, the visual style kept me hooked from start to finish.",Positive
"This drama was incredibly brilliant, the soundtrack kept me hooked from start to finish.",Positive
"Weak horror film, the screenplay was confusing and the ending left me absolutely annoyed and unsatisfied.",Negative
"Everything about this fantasy film worked, especially the script, wonderfully impressive work.",Positive
The performance dragged this drama down into something genuinely forgettable and disappointing.,Negative
"One of the worst movies I've seen this year, absolutely terrible editing and a boring experience.",Negative
"Everything about this mystery worked, especially the pacing, wonderfully impressive work.",Positive
"Everything about this war film worked, especially the characters, truly impressive work.",Positive
"Poorly made action movie, the cinematography was executed without any real skill or effort.",Negative
"I loved every minute of this comedy, especially the storyline which felt so authentic.",Positive
A poorly crafted comedy that shows a truly lack of effort in editing and storytelling.,Negative
"I loved every minute of this romance, especially the plot which felt so authentic.",Positive
"Everything about this fantasy film worked, especially the ending, wonderfully impressive work.",Positive
"This animated film was absolutely disappointing, the acting felt lazy and uninspired.",Negative
The direction dragged this fantasy film down into something genuinely forgettable and disappointing.,Negative
"Beautifully made war film, the editing was executed with remarkably real skill and passion.",Positive
"Incredible musical with fantastic ending, I couldn't look away for a single second.",Positive
"One of the worst movies I've seen this year, absolutely terrible acting and a boring experience.",Negative
A poorly crafted animated film that shows a remarkably lack of effort in acting and storytelling.,Negative
The pacing elevated this fantasy film into something wonderfully special and unforgettable.,Positive
"This sci-fi film was incredibly brilliant, the world building kept me hooked from start to finish.",Positive
"This animated film was remarkably disappointing, the special effects felt lazy and uninspired.",Negative
"Nothing about this documentary worked, especially the screenplay, truly weak effort overall.",Negative
"Poorly made war film, the world building was executed without any real skill or effort.",Negative
"This biopic was incredibly disappointing, the special effects felt lazy and uninspired.",Negative
"Beautifully made fantasy film, the script was executed with remarkably real skill and passion.",Positive
"Poorly made war film, the characters was executed without any real skill or effort.",Negative
"I loved every minute of this comedy, especially the pacing which felt so authentic.",Positive
"This action movie was truly brilliant, the soundtrack kept me hooked from start to finish.",Positive
"Everything about this documentary worked, especially the acting, incredibly impressive work.",Positive
"Weak musical, the chemistry between the leads was confusing and the ending left me genuinely annoyed and unsatisfied.",Negative
"Superb comedy, the special effects was engaging and the ending left me speechless in a good way.",Positive
"Nothing about this fantasy film worked, especially the soundtrack, remarkably weak effort overall.",Negative
"Superb animated film, the editing was engaging and the ending left me speechless in a good way.",Positive
A wonderfully crafted fantasy film that shows truly real mastery in editing and storytelling.,Positive
"What a truly disappointing crime drama, the dialogue ruined the whole experience for me.",Negative
The performance elevated this drama into something absolutely special and unforgettable.,Positive
"Beautifully made fantasy film, the plot was executed with absolutely real skill and passion.",Positive
"Nothing about this musical worked, especially the world building, genuinely weak effort overall.",Negative
"Weak mystery, the editing was confusing and the ending left me painfully annoyed and unsatisfied.",Negative
The dialogue elevated this drama into something truly special and unforgettable.,Positive
"What a remarkably disappointing biopic, the direction ruined the whole experience for me.",Negative
"This thriller was painfully disappointing, the direction felt lazy and uninspired.",Negative
"Everything about this mystery worked, especially the soundtrack, incredibly impressive work.",Positive
"Terrible comedy with weak cinematography, I couldn't stay engaged for a single scene.",Negative
"A mess of a thriller, the storyline alone makes it truly not worth watching at all.",Negative
"A masterpiece of a horror film, the script alone makes it wonderfully worth watching multiple times.",Positive
"Weak animated film, the world building was confusing and the ending left me painfully annoyed and unsatisfied.",Negative
"A masterpiece of a war film, the chemistry between the leads alone makes it genuinely worth watching multiple times.",Positive
"Weak musical, the visual style was confusing and the ending left me genuinely annoyed and unsatisfied.",Negative
"This fantasy film was truly brilliant, the pacing kept me hooked from start to finish.",Positive
"What a remarkably fantastic romance, the characters was the highlight of my whole week.",Positive
"I hated most of this mystery, especially the direction which felt so fake and forced.",Negative
A wonderfully crafted war film that shows absolutely real mastery in cinematography and storytelling.,Positive
"What a remarkably fantastic mystery, the editing was the highlight of my whole week.",Positive
"Nothing about this biopic worked, especially the storyline, truly weak effort overall.",Negative
"Everything about this crime drama worked, especially the cinematography, absolutely impressive work.",Positive
The world building was so poorly done that I regretted watching this comedy at all.,Negative
The characters was so well done that I immediately wanted to watch this action movie again.,Positive
"Everything about this crime drama worked, especially the soundtrack, genuinely impressive work.",Positive
"A mess of a comedy, the pacing alone makes it truly not worth watching at all.",Negative
"What a genuinely fantastic mystery, the acting was the highlight of my whole week.",Positive
"I was truly blown away by the screenplay, this horror film exceeded all my expectations.",Positive
"A mess of a biopic, the soundtrack alone makes it painfully not worth watching at all.",Negative
"What a genuinely disappointing documentary, the cinematography ruined the whole experience for me.",Negative
"One of the worst movies I've seen this year, absolutely terrible ending and a boring experience.",Negative
A poorly crafted crime drama that shows a remarkably lack of effort in performance and storytelling.,Negative
"I was truly let down by the plot, this musical failed to meet even low expectations.",Negative
"This crime drama was wonderfully brilliant, the screenplay kept me hooked from start to finish.",Positive
"This movie's performance is a perfect example of bad filmmaking, genuinely would not recommend.",Negative
"A mess of a mystery, the world building alone makes it genuinely not worth watching at all.",Negative
"Weak crime drama, the plot was confusing and the ending left me remarkably annoyed and unsatisfied.",Negative
A poorly crafted action movie that shows a incredibly lack of effort in screenplay and storytelling.,Negative
"Superb animated film, the world building was engaging and the ending left me speechless in a good way.",Positive
"Poorly made fantasy film, the acting was executed without any real skill or effort.",Negative
The plot dragged this thriller down into something remarkably forgettable and disappointing.,Negative
"Weak mystery, the world building was confusing and the ending left me incredibly annoyed and unsatisfied.",Negative
"I loved every minute of this war film, especially the dialogue which felt so authentic.",Positive
"I was incredibly let down by the characters, this documentary failed to meet even low expectations.",Negative
"This mystery was incredibly disappointing, the pacing felt lazy and uninspired.",Negative
"I hated most of this documentary, especially the world building which felt so fake and forced.",Negative
"I was genuinely let down by the visual style, this thriller failed to meet even low expectations.",Negative
"I was wonderfully blown away by the special effects, this drama exceeded all my expectations.",Positive
"What a absolutely fantastic musical, the characters was the highlight of my whole week.",Positive
"Incredible war film with fantastic screenplay, I couldn't look away for a single second.",Positive
"What a absolutely disappointing romance, the editing ruined the whole experience for me.",Negative
"What a absolutely disappointing crime drama, the dialogue ruined the whole experience for me.",Negative
"Nothing about this fantasy film worked, especially the special effects, incredibly weak effort overall.",Negative
"This war film was remarkably brilliant, the pacing kept me hooked from start to finish.",Positive
"This animated film was incredibly disappointing, the special effects felt lazy and uninspired.",Negative
"I loved every minute of this action movie, especially the special effects which felt so authentic.",Positive
"I hated most of this crime drama, especially the ending which felt so fake and forced.",Negative
"Weak biopic, the world building was confusing and the ending left me absolutely annoyed and unsatisfied.",Negative
"Poorly made musical, the script was executed without any real skill or effort.",Negative
A wonderfully crafted mystery that shows remarkably real mastery in script and storytelling.,Positive
"This crime drama was truly disappointing, the storyline felt lazy and uninspired.",Negative
"I was incredibly let down by the script, this comedy failed to meet even low expectations.",Negative
"I was absolutely blown away by the soundtrack, this fantasy film exceeded all my expectations.",Positive
"Nothing about this animated film worked, especially the dialogue, painfully weak effort overall.",Negative
The script was so well done that I immediately wanted to watch this drama again.,Positive
"I was genuinely let down by the special effects, this thriller failed to meet even low expectations.",Negative
The plot was so poorly done that I regretted watching this comedy at all.,Negative
"I was incredibly blown away by the characters, this crime drama exceeded all my expectations.",Positive
"I hated most of this documentary, especially the cinematography which felt so fake and forced.",Negative
"A mess of a animated film, the visual style alone makes it incredibly not worth watching at all.",Negative
"I was incredibly blown away by the cinematography, this comedy exceeded all my expectations.",Positive
A wonderfully crafted horror film that shows wonderfully real mastery in acting and storytelling.,Positive
"I was genuinely let down by the characters, this thriller failed to meet even low expectations.",Negative
The chemistry between the leads dragged this mystery down into something incredibly forgettable and disappointing.,Negative
"What a remarkably fantastic war film, the plot was the highlight of my whole week.",Positive
"I loved every minute of this documentary, especially the world building which felt so authentic.",Positive
"I was truly blown away by the chemistry between the leads, this drama exceeded all my expectations.",Positive
The world building elevated this comedy into something wonderfully special and unforgettable.,Positive
"Everything about this drama worked, especially the ending, absolutely impressive work.",Positive
"I was remarkably let down by the performance, this thriller failed to meet even low expectations.",Negative
"This biopic was incredibly disappointing, the ending felt lazy and uninspired.",Negative
"Everything about this action movie worked, especially the ending, absolutely impressive work.",Positive
"Beautifully made drama, the acting was executed with remarkably real skill and passion.",Positive
"Everything about this crime drama worked, especially the soundtrack, incredibly impressive work.",Positive
"This comedy was truly disappointing, the visual style felt lazy and uninspired.",Negative
"This movie's plot is a shining example of great filmmaking, genuinely recommended.",Positive
"Everything about this musical worked, especially the screenplay, remarkably impressive work.",Positive
"Everything about this thriller worked, especially the script, wonderfully impressive work.",Positive
"A masterpiece of a war film, the script alone makes it wonderfully worth watching multiple times.",Positive
A poorly crafted war film that shows a truly lack of effort in pacing and storytelling.,Negative
"Beautifully made mystery, the soundtrack was executed with absolutely real skill and passion.",Positive
"This romance was wonderfully brilliant, the pacing kept me hooked from start to finish.",Positive
"Weak sci-fi film, the screenplay was confusing and the ending left me painfully annoyed and unsatisfied.",Negative
"Beautifully made horror film, the direction was executed with genuinely real skill and passion.",Positive
The acting was so well done that I immediately wanted to watch this animated film again.,Positive
"I was wonderfully blown away by the ending, this mystery exceeded all my expectations.",Positive
"This movie's world building is a shining example of great filmmaking, remarkably recommended.",Positive
A wonderfully crafted drama that shows genuinely real mastery in cinematography and storytelling.,Positive
"Poorly made romance, the visual style was executed without any real skill or effort.",Negative
"Incredible horror film with fantastic chemistry between the leads, I couldn't look away for a single second.",Positive
The acting dragged this biopic down into something genuinely forgettable and disappointing.,Negative
"Everything about this comedy worked, especially the soundtrack, genuinely impressive work.",Positive
"Poorly made romance, the world building was executed without any real skill or effort.",Negative
"I was incredibly blown away by the dialogue, this mystery exceeded all my expectations.",Positive
"I was absolutely blown away by the world building, this musical exceeded all my expectations.",Positive
"Everything about this war film worked, especially the editing, genuinely impressive work.",Positive
The special effects was so poorly done that I regretted watching this biopic at all.,Negative
"An emotional rollercoaster with brilliant ending, incredibly one of my favorite films.",Positive
"What a genuinely disappointing musical, the direction ruined the whole experience for me.",Negative
A wonderfully crafted action movie that shows absolutely real mastery in characters and storytelling.,Positive
The pacing elevated this war film into something wonderfully special and unforgettable.,Positive
A wonderfully crafted fantasy film that shows absolutely real mastery in chemistry between the leads and storytelling.,Positive
"What a incredibly fantastic documentary, the storyline was the highlight of my whole week.",Positive
"I loved every minute of this thriller, especially the special effects which felt so authentic.",Positive
"Incredible animated film with fantastic plot, I couldn't look away for a single second.",Positive
"A masterpiece of a horror film, the acting alone makes it incredibly worth watching multiple times.",Positive
The dialogue was dreadful and the story dragged on genuinely after a promising start.,Negative
"Nothing about this war film worked, especially the script, truly weak effort overall.",Negative
"I was incredibly let down by the soundtrack, this romance failed to meet even low expectations.",Negative
"I was absolutely blown away by the screenplay, this romance exceeded all my expectations.",Positive
"Everything about this thriller worked, especially the direction, incredibly impressive work.",Positive
The special effects dragged this animated film down into something absolutely forgettable and disappointing.,Negative
"I was absolutely let down by the script, this action movie failed to meet even low expectations.",Negative
"This drama was genuinely disappointing, the ending felt lazy and uninspired.",Negative
A poorly crafted comedy that shows a remarkably lack of effort in storyline and storytelling.,Negative
The pacing elevated this animated film into something remarkably special and unforgettable.,Positive
"Weak drama, the cinematography was confusing and the ending left me genuinely annoyed and unsatisfied.",Negative
"This mystery was wonderfully brilliant, the cinematography kept me hooked from start to finish.",Positive
"I was absolutely blown away by the dialogue, this thriller exceeded all my expectations.",Positive
"Beautifully made mystery, the editing was executed with genuinely real skill and passion.",Positive
"Weak musical, the plot was confusing and the ending left me absolutely annoyed and unsatisfied.",Negative
A poorly crafted thriller that shows a absolutely lack of effort in cinematography and storytelling.,Negative
The screenplay elevated this crime drama into something truly special and unforgettable.,Positive
"I was remarkably blown away by the script, this romance exceeded all my expectations.",Positive
The world building elevated this documentary into something incredibly special and unforgettable.,Positive
"Nothing about this thriller worked, especially the screenplay, remarkably weak effort overall.",Negative
"I was absolutely let down by the editing, this drama failed to meet even low expectations.",Negative
